Unix Time [GMT], T [C @ 5m], T [C @ 35m], T [C @ 60m]
1446055200000,22.528,17.306,15.053
1446058800000,22.571,17.859,15.447
1446062400000,22.606,NaN,15.201
1446066000000,22.596,17.667,14.812
1446069600000,22.608,17.684,14.745
1446073200000,22.504,16.581,14.829
1446076800000,22.280,16.769,14.801
1446080400000,22.295,17.642,15.158
1446084000000,22.372,16.231,15.215
1446087600000,22.323,17.572,14.959
1446091200000,22.326,17.960,14.914
1446094800000,22.354,17.906,14.897
1446098400000,22.375,18.282,15.165
1446102000000,22.396,18.639,15.520
1446105600000,22.378,17.556,14.924
1446109200000,22.306,17.436,14.917
1446112800000,22.192,16.274,14.623
1446116400000,22.148,16.616,14.749
1446120000000,22.107,NaN,14.692
1446123600000,22.058,16.746,14.868
1446127200000,22.043,16.361,14.762
1446130800000,21.972,15.505,14.462
1446134400000,21.955,15.903,14.749
1446138000000,NaN,16.841,14.924
1446141600000,22.032,17.696,15.193
1446145200000,22.077,17.250,15.502
1446148800000,22.142,17.587,15.148
1446152400000,22.150,17.703,15.068
1446156000000,22.129,17.765,14.962
1446159600000,22.030,16.650,15.056
1446163200000,21.924,16.246,14.692
1446166800000,21.819,17.259,14.692
1446170400000,21.728,17.050,14.337
1446174000000,21.624,16.715,14.874
1446177600000,21.498,16.837,15.464
1446181200000,21.313,16.861,15.063
1446184800000,21.071,16.904,15.197
1446188400000,21.033,16.652,15.861
1446192000000,20.998,16.493,14.794
1446195600000,21.004,16.148,14.630
1446199200000,20.965,16.138,14.403
1446202800000,20.934,16.262,14.203
1446206400000,20.872,16.344,14.057
1446210000000,20.851,16.919,14.262
1446213600000,20.825,16.353,14.812
1446217200000,20.797,17.490,14.966
1446220800000,20.787,18.067,15.330
1446224400000,20.804,18.036,15.357
1446228000000,20.799,17.408,14.956
1446231600000,20.849,17.800,14.621
1446235200000,20.852,17.689,14.398
1446238800000,21.003,17.088,14.202
1446242400000,21.180,17.272,14.082
1446246000000,21.164,17.606,14.360
1446249600000,21.193,17.117,14.297
1446253200000,21.104,17.177,14.739
1446256800000,21.014,17.110,14.786
1446260400000,20.967,17.330,14.913
1446264000000,20.869,17.331,15.008
1446267600000,20.757,17.477,15.126
1446271200000,20.677,17.230,14.859
1446274800000,20.681,17.419,15.124
1446278400000,20.706,17.091,15.060
1446282000000,20.623,17.197,15.109
1446285600000,NaN,17.236,15.173
1446289200000,20.631,17.287,15.167
1446292800000,20.657,17.306,15.069
1446296400000,20.637,17.731,15.109
1446300000000,20.607,17.065,15.038
1446303600000,20.641,17.051,15.378
1446307200000,20.597,18.254,15.398
1446310800000,20.516,18.455,15.559
1446314400000,20.447,17.726,15.276
1446318000000,20.261,16.780,15.190
1446321600000,20.723,16.986,15.233
1446325200000,20.877,17.462,14.870
1446328800000,20.848,17.587,15.241
1446332400000,20.863,17.875,15.138
1446336000000,20.771,17.419,15.079
1446339600000,20.758,17.594,14.924
1446343200000,20.717,17.716,14.897
1446346800000,20.863,17.899,15.388
1446350400000,21.067,17.695,15.409
1446354000000,20.926,17.028,15.517
1446357600000,20.954,17.090,15.390
1446361200000,21.006,17.029,15.336
1446364800000,21.052,17.208,15.605
1446368400000,21.057,17.241,15.640
1446372000000,20.921,16.756,15.006
1446375600000,20.851,16.796,15.201
1446379200000,20.820,16.842,14.749
1446382800000,20.845,16.761,15.200
1446386400000,20.896,16.762,15.001
1446390000000,20.707,16.929,15.022
1446393600000,20.958,17.666,15.417
1446397200000,20.892,17.872,15.440
1446400800000,21.023,17.392,15.342
1446404400000,20.405,16.842,15.436
1446408000000,20.781,17.265,15.454
1446411600000,20.868,17.308,15.528
1446415200000,20.951,17.766,15.528
1446418800000,20.925,17.829,15.289
1446422400000,20.943,17.793,15.335
1446426000000,20.820,17.189,15.299
1446429600000,20.931,17.432,14.895
1446433200000,20.922,16.715,14.911
1446436800000,20.929,16.582,14.985
1446440400000,20.991,17.129,14.996
1446444000000,21.065,17.068,15.043
1446447600000,21.102,16.931,15.151
1446451200000,21.169,16.309,15.304
1446454800000,21.271,16.870,15.322
1446458400000,21.434,17.227,15.752
1446462000000,21.630,16.910,15.626
1446465600000,21.725,16.923,15.575
1446469200000,21.681,16.849,15.667
1446472800000,21.545,17.217,15.372
1446476400000,21.537,17.445,15.269
1446480000000,21.567,17.281,15.255
1446483600000,21.614,18.050,15.535
1446487200000,21.653,17.815,15.660
1446490800000,21.696,17.164,15.163
1446494400000,21.560,17.220,15.121
1446498000000,21.775,17.719,15.241
1446501600000,21.688,17.750,15.847
1446505200000,21.693,17.597,15.960
1446508800000,21.642,17.642,15.069
1446512400000,21.523,17.238,15.616
1446516000000,21.419,17.029,15.719
1446519600000,21.310,16.876,15.665
1446523200000,21.153,17.224,15.716
1446526800000,21.003,17.758,15.714
1446530400000,20.956,17.428,15.639
1446534000000,20.929,16.920,15.508
1446537600000,20.858,16.990,15.311
1446541200000,20.782,16.877,14.717
1446544800000,20.715,16.520,14.580
1446548400000,20.639,16.800,14.975
1446552000000,20.612,17.339,15.519
1446555600000,20.555,16.308,15.118
1446559200000,20.407,16.380,15.207
1446562800000,20.338,16.322,15.233
1446566400000,20.291,16.692,NaN
1446570000000,20.205,16.656,15.339
1446573600000,20.260,16.844,15.330
1446577200000,20.268,16.797,15.331
1446580800000,20.287,16.904,15.457
1446584400000,20.321,16.474,15.337
1446588000000,NaN,16.426,15.347
1446591600000,20.251,16.462,15.363
1446595200000,20.173,17.196,15.802
1446598800000,20.132,17.103,15.760
1446602400000,20.142,16.823,15.759
1446606000000,NaN,16.468,15.840
1446609600000,NaN,NaN,NaN
1446613200000,NaN,NaN,NaN
1446616800000,19.684,16.639,15.336
1446620400000,19.589,16.544,15.190
1446624000000,19.528,16.743,15.352
1446627600000,19.462,18.012,15.404
1446631200000,19.385,17.135,14.843
1446634800000,19.270,16.493,14.711
1446638400000,19.205,16.232,14.745
1446642000000,19.264,16.190,15.227
1446645600000,19.520,16.349,15.431
1446649200000,19.518,17.040,15.577
1446652800000,19.267,16.995,15.635
1446656400000,19.208,17.015,15.562
1446660000000,19.195,16.954,15.557
1446663600000,19.311,16.904,15.515
1446667200000,19.377,16.655,15.508
1446670800000,19.299,17.125,15.720
1446674400000,19.244,17.208,15.348
1446678000000,19.095,16.971,15.656
1446681600000,19.014,16.967,15.248
1446685200000,19.110,16.615,15.426
1446688800000,19.096,16.856,15.699
1446692400000,19.091,16.825,14.896
1446696000000,19.012,16.676,15.683
1446699600000,18.905,16.609,15.579
1446703200000,18.790,16.728,15.823
1446706800000,18.783,16.667,15.275
1446710400000,18.814,16.675,15.305
1446714000000,18.901,NaN,15.389
1446717600000,18.963,16.175,15.243
1446721200000,19.029,16.472,15.178
1446724800000,19.336,16.635,15.210
1446728400000,19.480,16.602,15.309
1446732000000,19.582,16.508,15.541
1446735600000,19.636,16.846,15.722
1446739200000,19.677,17.170,15.945
1446742800000,19.730,16.506,15.831
1446746400000,19.785,16.416,15.143
1446750000000,19.846,17.034,15.855
1446753600000,19.841,17.143,16.123
1446757200000,19.869,17.496,15.770
1446760800000,19.996,17.370,15.679
1446764400000,20.028,16.615,15.425
1446768000000,NaN,16.626,15.201
1446771600000,NaN,16.830,15.190
1446775200000,19.913,17.087,16.152
1446778800000,19.831,16.686,16.081
1446782400000,19.765,16.655,15.973
1446786000000,19.691,16.633,15.951
1446789600000,19.651,16.519,15.321
1446793200000,19.738,16.635,15.807
1446796800000,19.807,16.708,15.857
1446800400000,19.756,16.965,15.829
1446804000000,19.611,16.905,15.363
1446807600000,19.568,16.788,15.076
1446811200000,19.501,16.871,14.862
1446814800000,19.657,16.909,15.038
1446818400000,19.735,16.919,15.075
1446822000000,19.790,16.881,15.201
1446825600000,19.951,17.107,15.250
1446829200000,20.034,17.151,15.282
1446832800000,20.186,17.144,15.753
1446836400000,20.298,17.194,15.257
1446840000000,20.352,17.260,15.230
1446843600000,20.451,17.294,15.493
1446847200000,20.332,17.338,15.233
1446850800000,19.951,17.107,14.858
1446854400000,20.266,16.851,15.100
1446858000000,20.153,17.310,15.255
1446861600000,20.111,NaN,15.223
1446865200000,20.035,17.155,15.337
1446868800000,19.895,17.356,15.458
1446872400000,19.873,17.184,15.719
1446876000000,19.780,16.916,15.631
1446879600000,19.693,16.760,15.608
1446883200000,19.602,16.817,15.395
1446886800000,19.501,16.464,15.482
1446890400000,19.442,16.192,15.149
1446894000000,19.434,16.775,14.946
1446897600000,19.406,16.858,14.825
1446901200000,19.394,16.852,15.209
1446904800000,19.371,16.407,15.417
1446908400000,19.365,15.953,15.416
1446912000000,19.380,16.370,15.081
1446915600000,19.395,17.503,15.607
1446919200000,19.456,17.384,15.632
1446922800000,19.559,16.970,15.800
1446926400000,19.650,17.596,15.899
1446930000000,19.685,16.956,15.888
1446933600000,19.779,17.157,15.912
1446937200000,19.776,17.266,14.831
1446940800000,19.845,17.231,14.932
1446944400000,19.676,17.326,14.911
1446948000000,19.156,17.351,15.038
1446951600000,19.295,17.387,15.003
1446955200000,19.451,17.483,15.575
1446958800000,19.449,16.577,15.831
1446962400000,19.351,16.669,15.943
1446966000000,19.242,16.635,15.785
1446969600000,19.191,16.943,15.812
1446973200000,19.205,16.887,15.120
1446976800000,19.212,17.053,15.099
1446980400000,19.184,17.276,14.673
1446984000000,19.154,17.371,14.945
1446987600000,19.139,17.171,14.950
1446991200000,19.112,16.636,15.068
1446994800000,19.088,16.749,15.176
1446998400000,19.310,16.797,15.988
1447002000000,19.803,16.780,15.390
1447005600000,20.109,17.107,15.483
1447009200000,19.967,NaN,15.502
1447012800000,19.922,17.416,15.573
1447016400000,19.854,17.580,15.251
1447020000000,19.445,17.704,15.203
1447023600000,19.023,17.017,14.895
1447027200000,19.056,16.821,14.864
1447030800000,19.188,17.639,14.897
1447034400000,19.127,17.695,14.914
1447038000000,19.267,17.166,14.957
1447041600000,20.022,17.311,15.350
1447045200000,20.257,17.548,15.428
1447048800000,20.290,17.420,15.433
1447052400000,20.343,17.233,15.449
1447056000000,20.313,16.520,15.611
1447059600000,20.314,16.675,15.604
1447063200000,20.264,16.647,15.524
1447066800000,20.158,17.038,15.546
1447070400000,20.261,16.400,15.286
1447074000000,20.369,16.455,15.238
1447077600000,20.414,16.557,15.103
1447081200000,20.428,16.687,15.159
1447084800000,20.435,17.030,15.212
1447088400000,NaN,17.363,15.273
1447092000000,NaN,17.583,15.298
1447095600000,20.456,17.640,15.328
1447099200000,20.456,17.757,15.349
1447102800000,20.469,17.047,15.341
1447106400000,20.467,17.176,15.339
1447110000000,20.460,16.970,15.475
1447113600000,20.435,16.817,15.373
1447117200000,20.392,16.577,15.229
1447120800000,20.329,17.503,15.215
1447124400000,20.253,17.276,15.254
1447128000000,20.185,16.913,15.413
1447131600000,20.136,17.023,15.569
1447135200000,20.083,17.024,15.607
1447138800000,20.034,17.169,15.631
1447142400000,19.989,17.018,15.625
1447146000000,19.949,16.930,15.045
1447149600000,19.922,17.096,15.060
1447153200000,19.843,NaN,14.640
1447156800000,19.776,NaN,15.032
1447160400000,19.755,17.483,15.027
1447164000000,19.737,17.515,15.088
1447167600000,19.707,17.207,15.060
1447171200000,19.672,17.374,14.903
1447174800000,19.650,16.545,14.903
1447178400000,19.663,16.633,14.866
1447182000000,19.662,16.817,14.984
1447185600000,19.660,17.175,15.090
1447189200000,19.611,16.624,15.100
1447192800000,19.581,16.169,14.748
1447196400000,19.443,15.988,14.714
1447200000000,19.341,16.020,14.757
1447203600000,19.262,16.022,14.800
1447207200000,19.169,17.026,14.780
1447210800000,19.044,16.217,14.792
1447214400000,18.950,16.788,14.868
1447218000000,18.866,15.981,14.902
1447221600000,18.728,16.056,14.923
1447225200000,18.606,16.593,14.924
1447228800000,18.509,16.561,14.918
1447232400000,18.221,16.705,14.903
1447236000000,18.154,16.679,14.929
1447239600000,18.520,16.351,14.818
1447243200000,18.380,16.098,14.814
1447246800000,18.201,16.310,14.903
1447250400000,18.203,16.311,14.910
1447254000000,18.148,17.793,15.022
1447257600000,18.385,18.067,15.156
1447261200000,18.917,17.759,15.095
1447264800000,19.023,16.499,14.957
1447268400000,19.125,16.580,14.952
1447272000000,19.197,16.772,14.834
1447275600000,19.179,16.672,15.096
1447279200000,18.645,16.776,15.096
1447282800000,18.727,16.856,15.213
1447286400000,18.704,16.570,15.207
1447290000000,18.533,15.959,15.153
1447293600000,18.475,16.627,15.179
1447297200000,18.427,16.643,15.172
1447300800000,18.405,NaN,15.166
1447304400000,18.346,NaN,15.191
1447308000000,18.294,15.749,15.233
1447311600000,18.269,15.759,15.137
1447315200000,18.041,15.950,15.134
1447318800000,18.168,16.216,15.108
1447322400000,18.151,16.376,15.108
1447326000000,18.105,16.743,15.077
1447329600000,NaN,16.578,14.798
1447333200000,18.059,16.105,15.010
1447336800000,18.781,16.670,15.074
1447340400000,18.884,16.994,15.063
1447344000000,18.884,17.126,15.174
1447347600000,18.924,16.358,15.013
1447351200000,18.940,16.394,14.902
1447354800000,19.002,16.056,14.997
1447358400000,19.009,16.221,15.033
1447362000000,19.019,16.557,15.113
1447365600000,19.033,16.925,14.999
1447369200000,19.026,16.882,14.975
1447372800000,19.130,16.082,14.964
1447376400000,19.298,16.079,14.819
1447380000000,19.318,16.112,14.792
1447383600000,19.355,16.542,15.058
1447387200000,19.383,16.751,14.996
1447390800000,19.432,16.963,15.020
1447394400000,19.495,16.963,14.833
1447398000000,19.523,16.279,14.818
1447401600000,19.538,16.296,14.915
1447405200000,19.568,16.282,14.891
1447408800000,19.590,16.195,14.903
1447412400000,NaN,16.107,15.015
1447416000000,19.591,16.205,15.003
1447419600000,19.599,16.167,15.045
1447423200000,19.591,16.491,15.056
1447426800000,19.602,16.675,15.036
1447430400000,19.591,16.220,15.001
1447434000000,19.592,16.645,15.062
1447437600000,19.596,16.378,15.050
1447441200000,19.604,16.488,15.072
1447444800000,19.615,16.652,15.076
1447448400000,19.623,NaN,15.090
1447452000000,19.647,16.708,15.125
1447455600000,19.713,16.778,15.141
1447459200000,19.649,16.884,15.179
1447462800000,19.619,16.863,15.196
1447466400000,19.613,16.303,15.185
1447470000000,19.652,16.347,14.831
1447473600000,19.605,16.453,15.163
1447477200000,19.608,16.857,15.099
1447480800000,NaN,16.740,14.523
1447484400000,19.554,16.466,14.553
1447488000000,19.562,16.093,14.659
1447491600000,19.547,16.291,14.719
1447495200000,19.514,16.979,14.756
1447498800000,19.517,16.482,14.796
1447502400000,19.525,16.826,14.944
1447506000000,19.499,17.132,15.049
1447509600000,19.480,16.930,14.953
1447513200000,19.461,17.059,15.033
1447516800000,19.459,17.808,15.141
1447520400000,19.460,17.845,14.887
1447524000000,19.467,18.721,15.213
1447527600000,19.476,18.997,15.293
1447531200000,19.476,17.684,15.152
1447534800000,19.491,16.988,15.159
1447538400000,19.500,17.158,15.185
1447542000000,19.563,19.359,15.419
1447545600000,19.514,17.656,15.167
1447549200000,19.535,17.628,15.201
1447552800000,19.524,17.154,15.053
1447556400000,19.562,18.078,15.196
1447560000000,19.634,19.127,15.215
1447563600000,19.581,18.951,15.457
1447567200000,19.532,18.709,15.300
1447570800000,19.518,18.015,15.225
1447574400000,19.493,16.838,15.065
1447578000000,19.496,16.478,15.123
1447581600000,19.475,17.142,15.287
1447585200000,19.477,18.248,15.527
1447588800000,19.471,19.127,15.416
1447592400000,19.464,18.030,15.262
1447596000000,19.449,NaN,15.282
1447599600000,19.412,17.748,15.377
1447603200000,19.372,17.839,15.371
1447606800000,19.312,17.811,14.981
1447610400000,19.247,17.373,15.220
1447614000000,19.218,18.617,15.257
1447617600000,19.209,18.819,15.610
1447621200000,19.189,18.530,15.668
1447624800000,19.170,17.451,15.701
1447628400000,19.161,17.599,15.615
1447632000000,19.116,18.898,16.084
1447635600000,19.056,18.925,15.868
1447639200000,18.981,18.945,15.870
1447642800000,18.911,18.918,15.731
1447646400000,18.905,18.785,15.719
1447650000000,NaN,18.782,15.814
1447653600000,18.686,18.358,15.740
1447657200000,18.643,18.021,15.311
1447660800000,18.434,18.046,15.322
1447664400000,18.214,18.091,15.450
1447668000000,18.163,17.958,15.221
1447671600000,18.085,17.822,15.155
1447675200000,18.108,17.716,15.037
1447678800000,18.265,17.245,15.020
1447682400000,18.413,17.594,15.046
1447686000000,18.384,17.582,15.030
1447689600000,18.144,16.079,14.940
1447693200000,17.933,15.762,14.748
1447696800000,17.738,15.743,14.436
1447700400000,17.642,16.000,14.436
1447704000000,17.669,17.506,14.283
1447707600000,17.629,15.844,14.348
1447711200000,17.603,15.780,14.369
1447714800000,17.662,15.425,14.429
1447718400000,17.558,15.654,14.684
1447722000000,17.444,15.752,14.721
1447725600000,17.308,17.172,14.865
1447729200000,17.201,16.116,14.766
1447732800000,NaN,17.039,14.578
1447736400000,17.157,17.031,14.560
1447740000000,17.107,17.011,14.574
1447743600000,17.044,NaN,14.129
1447747200000,16.987,15.477,14.256
1447750800000,16.926,15.429,14.340
1447754400000,17.003,15.539,14.382
1447758000000,16.970,15.923,14.749
1447761600000,16.998,15.779,14.263
1447765200000,16.969,15.503,14.311
1447768800000,17.093,15.817,14.522
1447772400000,17.142,15.563,14.191
1447776000000,17.182,15.089,14.442
1447779600000,17.192,14.943,14.188
1447783200000,17.149,15.348,14.142
1447786800000,17.114,15.406,14.305
1447790400000,17.116,15.450,14.498
1447794000000,17.134,15.873,14.620
1447797600000,17.098,15.542,14.493
1447801200000,17.247,15.628,14.350
1447804800000,17.194,15.730,14.313
1447808400000,17.164,16.024,14.454
1447812000000,17.136,15.661,14.477
1447815600000,17.039,15.911,14.448
1447819200000,16.951,16.176,14.402
1447822800000,16.902,16.421,14.720
1447826400000,17.056,15.350,14.454
1447830000000,16.902,15.302,14.441
1447833600000,16.903,15.298,14.504
1447837200000,16.994,15.294,14.498
1447840800000,16.953,15.408,14.565
1447844400000,16.990,15.412,14.662
1447848000000,17.014,15.479,14.780
1447851600000,17.016,15.771,15.028
1447855200000,16.999,15.598,14.930
1447858800000,16.981,16.032,14.978
1447862400000,16.967,16.355,15.028
1447866000000,17.006,16.206,15.079
1447869600000,17.037,NaN,15.094
1447873200000,17.055,15.522,15.130
1447876800000,17.102,15.581,15.188
1447880400000,17.114,16.070,15.120
1447884000000,16.823,15.805,15.148
1447887600000,17.207,15.697,15.115
1447891200000,17.538,NaN,15.258
1447894800000,17.436,15.911,15.241
1447898400000,17.320,15.843,15.205
1447902000000,NaN,16.069,15.286
1447905600000,17.350,16.099,15.218
1447909200000,17.295,15.884,NaN
1447912800000,16.893,15.798,15.111
1447916400000,16.682,15.628,14.951
1447920000000,17.132,15.898,15.163
1447923600000,17.603,15.987,15.290
1447927200000,17.856,16.050,15.281
1447930800000,17.977,16.194,15.580
1447934400000,18.057,16.178,15.925
1447938000000,18.131,16.109,15.946
1447941600000,18.352,16.234,15.831
1447945200000,18.503,16.366,15.837
1447948800000,18.587,16.460,15.640
1447952400000,18.685,16.507,15.821
1447956000000,18.752,16.529,15.867
1447959600000,18.843,16.573,15.624
1447963200000,18.885,16.447,15.364
1447966800000,18.873,16.448,14.755
1447970400000,NaN,16.461,14.724
1447974000000,18.794,16.587,14.637
1447977600000,18.768,16.545,15.014
1447981200000,18.771,16.487,15.024
1447984800000,18.812,16.632,15.265
1447988400000,18.810,16.602,15.190
1447992000000,18.782,16.710,15.198
1447995600000,18.766,16.643,15.262
1447999200000,18.762,16.851,16.504
1448002800000,18.757,16.899,14.292
1448006400000,18.728,16.948,13.962
1448010000000,18.579,16.930,14.095
1448013600000,18.501,17.273,14.097
1448017200000,18.564,17.418,14.312
1448020800000,18.625,17.065,14.345
1448024400000,18.907,17.015,14.346
1448028000000,19.110,17.029,14.384
1448031600000,19.108,17.091,14.860
1448035200000,19.063,17.078,15.928
1448038800000,19.040,17.098,16.593
1448042400000,19.021,17.122,16.538
1448046000000,19.019,17.174,15.627
1448049600000,18.701,17.285,15.246
1448053200000,NaN,17.367,14.865
1448056800000,19.026,17.442,14.839
1448060400000,19.360,17.483,14.793
1448064000000,19.312,17.547,14.831
1448067600000,19.456,17.585,14.866
1448071200000,19.481,17.630,14.897
1448074800000,19.544,17.756,15.088
1448078400000,19.440,17.644,14.963
1448082000000,19.442,17.714,15.049
1448085600000,19.410,17.687,15.047
1448089200000,19.383,17.681,15.082
1448092800000,19.387,17.904,15.148
1448096400000,19.344,17.903,15.144
1448100000000,19.327,18.290,15.140
1448103600000,19.319,19.191,15.478
1448107200000,19.300,18.839,15.228
1448110800000,19.296,18.105,15.239
1448114400000,19.260,18.386,15.286
1448118000000,19.228,18.128,15.334
1448121600000,19.244,18.512,15.597
1448125200000,19.259,18.130,15.688
1448128800000,19.264,18.166,15.529
1448132400000,19.286,18.202,15.119
1448136000000,19.311,17.933,14.721
1448139600000,19.344,17.772,14.670
1448143200000,19.375,16.655,14.571
1448146800000,19.408,17.930,15.149
1448150400000,19.418,18.193,14.702
1448154000000,19.402,18.334,14.698
1448157600000,19.325,17.410,14.789
1448161200000,19.562,17.657,15.071
1448164800000,19.503,16.852,16.122
1448168400000,19.543,18.148,16.237
1448172000000,19.502,18.739,16.250
1448175600000,19.444,18.737,15.995
1448179200000,19.439,18.822,15.934
1448182800000,19.407,17.843,15.672
1448186400000,19.343,17.077,14.986
1448190000000,19.357,17.964,14.938
1448193600000,19.355,17.165,15.011
1448197200000,19.331,16.983,15.516
1448200800000,19.321,17.934,15.938
1448204400000,19.311,18.212,15.991
1448208000000,19.311,18.298,15.977
1448211600000,19.320,18.071,15.887
1448215200000,19.322,17.643,15.669
1448218800000,19.324,18.084,15.874
1448222400000,19.310,18.097,15.910
1448226000000,19.301,17.346,15.857
1448229600000,19.298,17.104,15.571
1448233200000,19.310,17.282,15.009
1448236800000,19.428,18.018,15.198
1448240400000,19.400,17.748,15.355
1448244000000,19.445,18.081,15.059
1448247600000,19.441,17.796,15.605
1448251200000,19.382,17.887,15.771
1448254800000,19.436,17.992,15.789
1448258400000,19.395,17.891,16.717
1448262000000,19.409,17.750,16.631
1448265600000,19.380,17.349,15.847
1448269200000,19.312,17.299,15.637
1448272800000,19.214,17.006,15.159
1448276400000,19.159,17.247,15.227
1448280000000,19.147,17.111,14.857
1448283600000,19.024,17.868,15.254
1448287200000,18.949,18.003,15.790
1448290800000,NaN,17.985,15.889
1448294400000,18.930,18.000,16.253
1448298000000,18.921,18.004,16.507
1448301600000,18.913,18.327,17.149
1448305200000,18.934,18.635,17.243
1448308800000,18.932,18.464,17.205
1448312400000,18.939,18.433,17.133
1448316000000,18.958,17.950,15.615
1448319600000,18.981,18.279,15.737
1448323200000,18.978,17.748,15.163
1448326800000,18.997,18.013,15.449
1448330400000,18.998,18.186,15.856
1448334000000,19.053,18.574,16.525
1448337600000,19.238,18.660,16.850
1448341200000,19.118,18.590,16.653
1448344800000,19.162,18.664,17.146
1448348400000,19.109,17.931,17.364
1448352000000,19.142,17.824,17.287
1448355600000,19.181,17.753,17.291
1448359200000,19.166,17.930,17.223
1448362800000,19.244,18.177,16.899
1448366400000,19.235,18.064,16.566
1448370000000,19.305,18.240,16.081
1448373600000,19.584,18.401,16.610
1448377200000,19.723,18.589,17.159
1448380800000,19.530,18.870,18.133
1448384400000,19.303,18.923,18.428
1448388000000,19.579,NaN,18.572
1448391600000,NaN,NaN,18.473
1448395200000,19.767,19.015,18.462
1448398800000,19.806,18.979,17.137
1448402400000,19.835,19.073,16.871
1448406000000,19.874,19.110,16.037
1448409600000,19.900,19.129,16.145
1448413200000,19.896,19.077,16.303
1448416800000,19.881,19.077,16.240
1448420400000,19.867,19.143,17.425
1448424000000,19.840,19.057,17.113
1448427600000,19.787,19.019,17.350
1448431200000,19.734,18.582,17.023
1448434800000,19.699,18.388,16.959
1448438400000,19.610,19.080,17.157
1448442000000,19.585,19.151,17.200
1448445600000,19.558,18.845,16.900
1448449200000,19.434,18.793,16.715
1448452800000,19.382,18.299,16.709
1448456400000,19.335,18.353,16.690
1448460000000,19.318,18.350,16.632
1448463600000,19.265,18.071,16.883
1448467200000,19.257,18.820,16.941
1448470800000,19.245,19.056,17.047
1448474400000,19.213,19.000,17.347
1448478000000,19.189,19.058,17.256
1448481600000,19.169,18.882,17.189
1448485200000,19.189,17.808,17.080
1448488800000,19.149,18.115,17.088
1448492400000,19.086,17.842,16.028
1448496000000,18.985,17.908,16.157
1448499600000,19.062,18.498,16.544
1448503200000,18.953,18.671,16.376
1448506800000,18.850,18.776,16.038
1448510400000,18.712,18.701,17.128
1448514000000,18.738,18.731,16.949
1448517600000,18.725,18.723,17.128
1448521200000,18.734,18.718,17.333
1448524800000,18.728,18.726,17.361
1448528400000,18.712,18.705,17.463
1448532000000,18.703,18.711,17.501
1448535600000,18.715,18.719,17.467
1448539200000,18.764,18.712,15.751
1448542800000,18.756,18.708,15.894
1448546400000,18.742,18.724,16.453
1448550000000,18.705,18.721,16.092
1448553600000,18.848,18.737,16.589
1448557200000,18.779,NaN,16.009
1448560800000,18.818,18.775,17.051
1448564400000,18.869,18.807,17.083
1448568000000,18.984,18.829,17.034
1448571600000,18.990,18.847,17.426
1448575200000,19.032,18.863,16.904
1448578800000,19.050,18.888,16.615
1448582400000,19.037,18.829,16.307
1448586000000,18.967,18.654,16.608
1448589600000,18.947,18.440,16.199
1448593200000,18.886,18.089,16.128
1448596800000,18.888,18.285,16.138
1448600400000,18.893,18.244,16.282
1448604000000,18.890,18.322,16.168
1448607600000,18.895,18.400,17.199
1448611200000,NaN,18.348,16.389
1448614800000,NaN,18.410,16.408
1448618400000,18.841,18.461,16.633
1448622000000,18.836,18.262,16.407
1448625600000,18.759,17.930,16.116
1448629200000,18.691,17.285,15.978
1448632800000,18.627,17.865,16.201
1448636400000,18.611,17.493,16.117
1448640000000,18.631,17.197,16.012
1448643600000,18.634,18.060,16.145
1448647200000,18.638,17.457,16.252
1448650800000,18.655,17.434,16.306
1448654400000,18.675,18.507,16.323
1448658000000,18.684,18.536,16.500
1448661600000,18.700,18.561,16.907
1448665200000,18.674,18.566,16.734
1448668800000,18.677,17.998,16.358
1448672400000,18.669,18.340,16.374
1448676000000,18.629,18.176,16.275
1448679600000,18.609,18.514,16.352
1448683200000,18.600,18.450,16.423
1448686800000,18.583,18.416,16.469
1448690400000,18.551,18.437,16.662
1448694000000,18.546,18.452,16.757
1448697600000,18.536,18.517,17.219
1448701200000,18.523,18.524,17.013
1448704800000,18.517,18.521,16.964
1448708400000,18.515,18.482,17.469
1448712000000,18.504,18.502,17.308
1448715600000,18.504,18.378,17.124
1448719200000,18.515,17.915,16.783
1448722800000,18.511,17.895,16.587
1448726400000,18.484,17.886,16.421
1448730000000,18.495,18.129,16.492
1448733600000,18.497,18.220,16.899
1448737200000,18.503,18.261,17.088
1448740800000,18.506,18.230,17.078
1448744400000,18.502,17.723,17.208
1448748000000,18.519,18.108,17.408
1448751600000,18.587,18.286,17.748
1448755200000,18.546,18.101,16.854
1448758800000,18.511,17.999,16.516
1448762400000,18.492,18.031,16.355
1448766000000,18.468,17.776,16.243
1448769600000,18.440,17.421,16.159
1448773200000,18.431,NaN,16.202
1448776800000,18.428,17.264,16.236
1448780400000,18.438,17.833,16.214
1448784000000,18.454,18.149,16.434
1448787600000,18.451,18.304,15.964
1448791200000,18.437,18.332,16.637
1448794800000,18.404,18.342,16.848
1448798400000,18.410,18.260,16.772
1448802000000,18.368,17.543,16.200
1448805600000,18.363,18.308,16.515
1448809200000,18.348,18.080,16.261
1448812800000,18.347,17.673,16.103
1448816400000,18.352,17.497,16.204
1448820000000,18.373,17.782,16.263
1448823600000,18.393,18.193,16.250
1448827200000,18.459,18.313,16.476
1448830800000,18.489,18.046,16.167
1448834400000,18.564,18.397,16.785
1448838000000,18.643,18.360,17.366
1448841600000,18.634,18.215,17.420
1448845200000,18.567,17.798,16.673
1448848800000,NaN,17.907,16.256
1448852400000,NaN,17.619,15.748
1448856000000,18.445,17.704,15.731
1448859600000,18.460,17.221,15.613
1448863200000,18.459,17.941,15.851
1448866800000,18.450,17.909,16.002
1448870400000,18.446,18.228,16.019
1448874000000,18.423,17.678,16.205
1448877600000,18.430,18.336,16.369
1448881200000,18.437,18.419,16.396
1448884800000,NaN,18.391,16.635
1448888400000,18.381,18.349,16.280
1448892000000,18.388,18.378,16.285
1448895600000,18.383,18.302,16.405
1448899200000,18.370,17.477,16.261
1448902800000,18.359,17.284,15.465
1448906400000,18.373,18.257,15.497
1448910000000,NaN,18.356,15.690
1448913600000,18.460,18.365,16.528
1448917200000,18.492,18.326,16.353
1448920800000,18.498,NaN,16.813
1448924400000,18.475,18.208,16.684
1448928000000,18.469,17.836,16.477
1448931600000,18.427,18.339,16.249
1448935200000,18.413,18.343,16.178
1448938800000,18.385,18.127,16.859
1448942400000,18.361,18.116,15.880
1448946000000,18.350,17.617,15.883
1448949600000,18.328,17.037,15.570
1448953200000,18.299,17.565,15.422
1448956800000,18.270,17.853,15.475
1448960400000,18.277,17.969,15.466
1448964000000,18.275,17.904,15.493
1448967600000,18.253,18.246,15.708
1448971200000,18.247,17.814,17.065
1448974800000,18.264,17.750,16.416
1448978400000,18.267,18.069,16.547
1448982000000,18.256,17.477,15.889
1448985600000,18.243,18.108,16.842
1448989200000,18.231,18.075,15.996
1448992800000,18.238,18.008,15.711
1448996400000,18.259,18.215,15.638
1449000000000,18.300,18.139,15.607
1449003600000,18.336,18.237,15.594
1449007200000,18.353,17.848,15.859
1449010800000,18.327,17.970,15.515
1449014400000,18.338,18.245,16.044
1449018000000,18.332,18.172,15.566
1449021600000,18.322,18.266,16.407
1449025200000,18.302,18.218,16.330
1449028800000,18.305,18.127,15.337
1449032400000,18.305,18.094,15.414
1449036000000,18.290,18.118,15.415
1449039600000,18.286,18.178,16.084
1449043200000,18.264,18.127,15.618
1449046800000,18.267,18.118,15.100
1449050400000,18.262,18.139,15.509
1449054000000,18.250,17.155,15.114
1449057600000,18.232,17.520,15.415
1449061200000,18.228,17.357,15.399
1449064800000,18.189,18.197,15.292
1449068400000,18.177,18.188,15.693
1449072000000,18.158,18.163,15.510
1449075600000,18.165,18.160,16.349
1449079200000,18.172,18.154,15.864
1449082800000,18.152,18.116,16.201
1449086400000,18.181,18.124,15.588
1449090000000,18.213,18.131,15.461
1449093600000,18.237,17.705,15.763
1449097200000,18.328,17.952,15.863
1449100800000,18.332,17.680,15.470
1449104400000,18.393,17.744,15.011
1449108000000,18.357,17.861,15.149
1449111600000,18.356,18.009,16.774
1449115200000,18.350,18.006,16.752
1449118800000,18.358,18.168,15.348
1449122400000,18.353,17.998,14.926
1449126000000,18.353,17.964,15.132
1449129600000,18.341,17.948,15.226
1449133200000,18.345,17.910,14.931
1449136800000,18.358,17.884,15.203
1449140400000,18.349,17.851,15.089
1449144000000,18.365,17.273,15.174
1449147600000,18.362,17.497,15.134
1449151200000,18.404,17.409,15.073
1449154800000,18.426,17.815,14.956
1449158400000,18.446,17.343,15.450
1449162000000,18.472,17.643,15.715
1449165600000,18.494,17.892,14.964
1449169200000,NaN,17.910,15.203
1449172800000,NaN,17.914,15.503
1449176400000,18.550,17.870,15.254
1449180000000,18.564,17.782,15.336
1449183600000,18.561,17.696,15.436
1449187200000,18.569,17.913,16.339
1449190800000,18.580,17.920,16.502
1449194400000,18.516,17.947,16.127
1449198000000,18.471,17.933,16.146
1449201600000,18.411,17.869,15.937
1449205200000,18.341,17.951,15.408
1449208800000,18.301,17.975,15.414
1449212400000,18.189,17.921,15.322
1449216000000,18.126,18.041,15.734
1449219600000,18.159,18.059,15.711
1449223200000,18.180,18.071,15.863
1449226800000,18.199,18.081,15.967
1449230400000,18.205,18.024,15.917
1449234000000,18.193,18.072,15.618
1449237600000,18.183,18.031,15.318
1449241200000,18.173,18.064,15.733
1449244800000,18.219,18.070,16.340
1449248400000,18.217,18.051,16.370
1449252000000,18.213,18.016,16.529
1449255600000,18.171,17.736,15.549
1449259200000,18.129,17.777,15.367
1449262800000,18.370,18.034,16.596
1449266400000,18.479,17.904,16.181
1449270000000,18.290,18.004,16.693
1449273600000,18.547,18.002,16.744
1449277200000,18.498,17.945,16.581
1449280800000,18.404,17.956,16.916
1449284400000,18.261,17.908,16.430
1449288000000,18.203,17.932,16.107
1449291600000,18.171,17.936,15.957
1449295200000,18.133,17.598,15.035
1449298800000,18.104,17.769,16.023
1449302400000,17.985,17.864,16.986
1449306000000,18.012,17.849,16.924
1449309600000,18.060,17.894,16.954
1449313200000,18.074,17.646,16.113
1449316800000,18.082,17.698,16.140
1449320400000,18.088,17.594,15.818
1449324000000,18.066,17.728,16.397
1449327600000,18.039,17.769,17.100
1449331200000,18.009,17.750,17.108
1449334800000,17.971,17.725,16.639
1449338400000,17.957,17.674,15.951
1449342000000,17.966,17.807,16.491
1449345600000,18.711,17.877,17.207
1449349200000,18.245,17.939,17.532
1449352800000,18.364,17.909,17.737
1449356400000,18.622,17.872,16.637
1449360000000,18.562,17.920,17.179
1449363600000,18.530,17.936,17.163
1449367200000,18.472,18.106,17.105
1449370800000,18.421,18.237,16.613
1449374400000,18.419,18.052,16.949
1449378000000,18.396,18.166,17.321
1449381600000,18.357,18.058,15.984
1449385200000,18.323,18.173,16.622
1449388800000,18.317,18.214,16.638
1449392400000,18.334,18.197,16.324
1449396000000,18.353,17.953,15.993
1449399600000,18.584,17.876,15.863
1449403200000,18.683,18.199,15.932
1449406800000,18.714,18.277,16.001
1449410400000,NaN,18.320,15.976
1449414000000,18.650,18.498,16.605
1449417600000,18.604,18.557,16.519
1449421200000,18.654,18.585,16.362
1449424800000,18.701,18.648,16.156
1449428400000,18.749,18.716,16.174
1449432000000,18.779,18.741,16.309
1449435600000,18.787,18.739,16.360
1449439200000,18.796,18.739,16.268
1449442800000,18.795,18.622,16.032
1449446400000,18.835,18.587,16.009
1449450000000,18.800,18.616,16.010
1449453600000,18.785,18.619,16.207
1449457200000,18.759,18.633,16.203
1449460800000,18.755,18.747,16.497
1449464400000,18.752,18.710,16.520
1449468000000,18.735,18.719,16.669
1449471600000,18.730,18.721,16.676
1449475200000,18.721,18.681,16.708
1449478800000,18.698,18.705,16.718
1449482400000,18.683,18.454,16.686
1449486000000,18.670,18.542,16.500
1449489600000,18.680,18.011,16.428
1449493200000,NaN,18.272,16.519
1449496800000,18.607,18.362,16.693
1449500400000,18.563,18.286,16.776
1449504000000,18.504,18.255,16.695
1449507600000,18.477,17.636,16.800
1449511200000,18.458,17.519,17.070
1449514800000,18.458,17.664,17.170
1449518400000,18.436,17.877,17.255
1449522000000,18.503,17.770,17.276
1449525600000,18.656,18.040,17.315
1449529200000,18.714,17.938,17.261
1449532800000,18.754,17.936,16.735
1449536400000,18.807,17.978,16.771
1449540000000,18.749,17.956,17.048
1449543600000,18.720,17.894,16.787
1449547200000,18.552,18.074,17.149
1449550800000,18.464,18.068,16.984
1449554400000,18.375,18.227,17.151
1449558000000,18.325,18.175,16.974
1449561600000,18.345,18.329,16.979
1449565200000,18.387,18.318,16.976
1449568800000,18.318,18.030,16.895
1449572400000,18.300,18.208,16.966
1449576000000,18.256,18.023,17.079
1449579600000,18.261,18.114,17.316
1449583200000,18.262,18.111,17.440
1449586800000,18.276,NaN,17.595
1449590400000,18.331,18.268,17.484
1449594000000,18.337,18.215,17.558
1449597600000,18.352,18.265,17.474
1449601200000,18.128,18.235,17.729
1449604800000,18.474,18.301,17.789
1449608400000,18.349,18.313,17.797
1449612000000,18.248,18.327,17.131
1449615600000,18.292,18.323,16.945
1449619200000,18.092,17.992,16.823
1449622800000,18.234,17.982,16.725
1449626400000,18.229,18.019,16.745
1449630000000,18.249,18.022,16.824
1449633600000,18.263,18.023,16.889
1449637200000,18.277,18.059,17.031
1449640800000,18.373,17.829,17.117
1449644400000,18.334,18.187,17.074
1449648000000,18.334,18.069,17.083
1449651600000,18.311,18.179,17.150
1449655200000,18.316,18.208,17.392
1449658800000,18.315,17.994,17.383
1449662400000,18.267,18.125,17.459
1449666000000,18.107,18.122,17.565
1449669600000,18.124,18.142,17.637
1449673200000,18.181,18.162,16.918
1449676800000,18.253,18.168,16.952
1449680400000,18.086,18.098,16.754
1449684000000,18.069,18.146,16.918
1449687600000,18.151,18.137,16.927
1449691200000,18.253,18.110,16.850
1449694800000,18.335,18.009,17.070
1449698400000,18.046,17.928,17.303
1449702000000,18.099,17.948,17.336
1449705600000,18.293,18.011,17.048
1449709200000,18.320,18.079,16.645
1449712800000,18.297,18.169,16.624
1449716400000,18.296,18.211,16.654
1449720000000,18.524,18.229,16.912
1449723600000,18.808,18.223,17.614
1449727200000,18.767,18.217,18.169
1449730800000,NaN,18.226,18.219
1449734400000,18.801,NaN,18.243
1449738000000,18.908,18.254,18.242
1449741600000,18.862,18.260,18.252
1449745200000,18.888,18.267,18.246
1449748800000,18.866,18.278,NaN
1449752400000,18.852,18.278,17.676
1449756000000,18.785,18.294,16.582
1449759600000,18.728,18.300,16.618
1449763200000,18.673,18.300,16.519
1449766800000,18.640,18.319,16.654
1449770400000,18.656,18.328,16.767
1449774000000,18.677,18.333,16.976
1449777600000,18.676,18.326,17.019
1449781200000,18.720,18.259,17.442
1449784800000,NaN,18.210,17.654
1449788400000,18.799,18.221,17.409
1449792000000,18.819,18.239,17.299
1449795600000,18.737,18.246,17.006
1449799200000,18.813,18.232,16.761
1449802800000,18.825,18.189,17.051
1449806400000,18.784,18.265,16.976
1449810000000,18.765,18.218,17.078
1449813600000,NaN,18.380,17.132
1449817200000,18.750,18.557,17.672
1449820800000,18.710,18.615,17.760
1449824400000,18.706,18.700,18.242
1449828000000,18.699,18.700,18.265
1449831600000,18.690,18.682,17.842
1449835200000,18.654,18.668,17.898
1449838800000,18.608,18.575,17.541
1449842400000,18.593,18.505,17.323
1449846000000,18.538,18.539,17.429
1449849600000,18.501,18.464,17.762
1449853200000,18.490,18.482,17.830
1449856800000,NaN,NaN,NaN
1449860400000,18.474,18.472,17.376
1449864000000,18.420,18.377,17.432
1449867600000,18.437,18.339,17.413
1449871200000,18.410,18.359,17.545
1449874800000,18.356,18.349,17.543
1449878400000,18.329,18.333,17.546
1449882000000,18.297,18.222,17.315
1449885600000,18.297,18.299,17.192
1449889200000,18.282,18.230,16.648
1449892800000,18.295,18.288,16.218
1449896400000,18.281,18.268,16.687
1449900000000,18.278,18.098,16.468
1449903600000,18.276,17.969,16.356
1449907200000,18.280,17.762,16.366
1449910800000,18.232,17.880,16.493
1449914400000,18.165,18.105,16.511
1449918000000,18.082,18.084,16.446
1449921600000,18.063,18.053,16.491
1449925200000,18.001,17.938,16.463
1449928800000,17.938,17.917,16.137
1449932400000,17.912,17.924,16.442
1449936000000,17.911,17.891,16.441
1449939600000,17.914,17.899,16.216
1449943200000,17.940,17.893,16.324
1449946800000,18.002,17.872,16.517
1449950400000,18.063,17.912,16.633
1449954000000,18.072,NaN,17.286
1449957600000,18.127,17.943,16.780
1449961200000,18.120,17.962,16.691
1449964800000,18.055,17.861,16.549
1449968400000,18.075,17.782,16.113
1449972000000,NaN,17.845,16.078
1449975600000,18.004,17.691,16.054
1449979200000,17.994,17.710,15.997
1449982800000,18.001,17.183,16.008
1449986400000,18.005,17.883,16.074
1449990000000,18.004,17.608,16.159
1449993600000,18.005,17.968,16.215
1449997200000,18.018,17.930,16.142
1450000800000,17.964,17.891,16.048
1450004400000,17.892,17.885,16.263
1450008000000,17.859,17.859,16.380
1450011600000,17.871,17.776,16.757
1450015200000,17.867,17.863,16.954
1450018800000,17.874,17.552,16.217
1450022400000,17.946,17.052,16.097
1450026000000,17.954,17.529,16.082
1450029600000,17.927,17.914,16.484
1450033200000,17.964,17.922,16.761
1450036800000,17.944,17.933,17.239
1450040400000,17.939,17.888,16.954
1450044000000,17.932,17.875,16.579
1450047600000,17.970,17.831,16.553
1450051200000,18.059,17.852,16.600
1450054800000,19.111,17.860,16.482
1450058400000,18.044,17.831,16.032
1450062000000,17.984,17.755,15.655
1450065600000,17.928,17.338,15.637
1450069200000,17.898,17.844,15.758
1450072800000,17.869,17.593,15.797
1450076400000,17.846,17.604,15.847
1450080000000,17.774,17.717,15.687
1450083600000,17.703,17.614,15.650
1450087200000,17.634,17.640,15.595
1450090800000,17.648,17.650,15.665
1450094400000,17.604,17.595,15.714
1450098000000,17.542,17.532,15.656
1450101600000,17.425,17.352,15.502
1450105200000,17.375,17.357,15.733
1450108800000,17.399,17.363,15.738
1450112400000,17.385,17.292,15.630
1450116000000,17.404,17.340,15.366
1450119600000,17.342,17.367,15.365
1450123200000,17.346,17.388,15.296
1450126800000,17.465,17.373,15.719
1450130400000,17.531,17.395,16.018
1450134000000,17.485,17.362,15.726
1450137600000,17.465,17.416,15.807
1450141200000,17.511,17.387,15.107
1450144800000,17.497,17.306,15.389
1450148400000,17.511,17.479,15.583
1450152000000,17.455,17.470,NaN
1450155600000,17.456,17.301,15.557
1450159200000,17.444,16.245,15.595
1450162800000,17.414,17.349,15.487
1450166400000,17.385,16.501,15.189
1450170000000,17.362,16.750,14.855
1450173600000,17.333,17.118,14.922
1450177200000,17.268,17.277,15.128
1450180800000,17.243,17.235,15.177
1450184400000,17.196,17.210,15.247
1450188000000,17.220,17.225,15.429
1450191600000,17.183,17.116,15.178
1450195200000,17.180,17.008,15.159
1450198800000,17.170,17.169,14.847
1450202400000,17.195,17.148,16.448
1450206000000,17.258,17.169,15.850
1450209600000,17.285,17.174,15.843
1450213200000,17.299,17.171,14.792
1450216800000,17.299,17.198,15.944
1450220400000,17.295,17.165,15.221
1450224000000,17.334,17.154,14.787
1450227600000,17.420,16.989,14.845
1450231200000,NaN,16.947,14.684
1450234800000,17.154,16.896,14.962
1450238400000,17.221,16.935,15.413
1450242000000,17.167,16.403,14.701
1450245600000,17.149,15.498,14.743
1450249200000,17.170,16.745,14.666
1450252800000,17.191,16.935,14.660
1450256400000,17.203,17.021,14.776
1450260000000,17.225,16.868,15.104
1450263600000,17.207,16.961,15.189
1450267200000,17.206,17.187,14.442
1450270800000,17.208,17.218,14.332
1450274400000,17.219,17.198,14.171
1450278000000,17.190,16.998,15.156
1450281600000,17.191,17.180,15.156
1450285200000,17.254,17.241,14.800
1450288800000,17.317,17.250,15.159
1450292400000,NaN,17.316,15.161
1450296000000,17.380,17.344,15.181
1450299600000,17.380,17.195,14.630
1450303200000,17.398,17.317,15.451
1450306800000,17.384,17.220,15.379
1450310400000,17.365,17.231,15.678
1450314000000,17.319,17.168,15.057
1450317600000,17.308,17.115,14.989
1450321200000,17.286,17.047,15.025
1450324800000,17.338,17.089,15.040
1450328400000,17.406,16.914,14.643
1450332000000,17.443,16.837,14.508
1450335600000,17.360,16.433,14.159
1450339200000,17.310,16.704,14.541
1450342800000,17.229,16.530,14.503
1450346400000,17.145,16.387,14.336
1450350000000,17.042,16.469,14.296
1450353600000,17.062,16.474,14.407
1450357200000,17.074,16.500,14.480
1450360800000,17.025,16.488,14.272
1450364400000,16.995,16.313,14.237
1450368000000,16.829,16.114,14.214
1450371600000,16.805,15.981,14.875
1450375200000,NaN,15.915,14.607
1450378800000,16.975,16.168,14.672
1450382400000,16.579,15.927,14.680
1450386000000,16.832,15.772,14.483
1450389600000,16.767,15.558,14.509
1450393200000,16.825,15.756,14.588
1450396800000,16.836,15.697,14.883
1450400400000,17.009,15.816,15.049
1450404000000,16.951,15.713,14.958
1450407600000,16.902,15.743,14.701
1450411200000,16.858,15.698,14.352
1450414800000,16.807,15.806,14.439
1450418400000,16.809,16.464,14.455
1450422000000,16.790,15.720,14.461
1450425600000,16.766,15.756,14.501
1450429200000,16.735,15.654,14.740
1450432800000,16.759,15.799,14.767
1450436400000,16.807,16.230,14.617
1450440000000,16.797,16.189,14.702
1450443600000,16.785,15.940,14.654
1450447200000,16.711,16.117,14.790
1450450800000,16.691,16.548,15.208
1450454400000,16.748,15.983,14.446
1450458000000,16.777,15.866,14.146
1450461600000,16.831,16.074,14.645
1450465200000,16.948,16.201,14.810
1450468800000,16.923,16.499,14.515
1450472400000,17.225,16.711,15.346
1450476000000,17.317,16.748,15.036
1450479600000,17.350,16.722,14.435
1450483200000,17.434,16.214,14.747
1450486800000,17.459,16.751,15.029
1450490400000,17.400,16.815,15.441
1450494000000,17.456,16.856,15.547
1450497600000,17.504,16.713,14.698
1450501200000,17.437,16.765,15.647
1450504800000,17.436,16.682,15.059
1450508400000,17.500,16.636,14.545
1450512000000,17.452,16.789,15.393
1450515600000,17.491,16.802,15.351
1450519200000,17.507,16.705,14.592
1450522800000,17.496,16.610,14.667
1450526400000,17.279,16.242,14.565
1450530000000,17.123,16.524,14.434
1450533600000,16.946,16.342,14.549
1450537200000,16.594,16.112,14.782
1450540800000,16.417,15.932,15.073
1450544400000,16.440,15.968,15.044
1450548000000,16.462,15.857,14.967
1450551600000,16.527,16.026,14.949
1450555200000,16.569,16.018,14.773
1450558800000,16.602,15.854,14.755
1450562400000,16.675,15.738,14.666
1450566000000,16.602,15.364,14.625
1450569600000,16.653,15.390,14.711
1450573200000,16.577,15.638,14.899
1450576800000,16.521,16.120,14.830
1450580400000,16.517,16.176,14.890
1450584000000,16.524,15.975,14.957
1450587600000,16.520,15.756,14.765
1450591200000,16.520,NaN,14.856
1450594800000,16.457,15.573,14.686
1450598400000,16.425,16.066,14.421
1450602000000,16.398,16.047,14.587
1450605600000,16.501,16.147,14.457
1450609200000,16.528,16.378,14.562
1450612800000,NaN,15.726,14.811
1450616400000,16.620,15.420,14.751
1450620000000,16.614,NaN,14.727
1450623600000,16.645,16.379,14.599
1450627200000,16.650,15.943,14.858
1450630800000,16.655,16.173,14.928
1450634400000,16.674,16.241,15.272
1450638000000,NaN,16.547,15.300
1450641600000,16.711,16.584,15.338
1450645200000,16.717,16.569,15.365
1450648800000,16.746,16.575,15.155
1450652400000,16.825,16.600,15.641
1450656000000,16.778,16.580,15.635
1450659600000,16.755,16.583,15.491
1450663200000,16.729,16.571,15.625
1450666800000,16.730,16.599,15.695
1450670400000,16.712,16.567,NaN
1450674000000,16.651,15.882,15.557
1450677600000,16.651,15.794,15.402
1450681200000,16.608,16.298,15.711
1450684800000,16.541,16.440,15.713
1450688400000,16.525,16.065,15.402
1450692000000,16.519,16.421,15.401
1450695600000,16.537,16.513,15.454
1450699200000,16.552,16.517,15.858
1450702800000,16.559,16.572,16.020
1450706400000,16.577,16.521,15.685
1450710000000,16.555,16.531,15.452
1450713600000,16.528,16.517,15.515
1450717200000,16.530,16.521,16.017
1450720800000,16.536,16.491,15.870
1450724400000,16.549,16.259,15.957
1450728000000,16.545,16.258,15.822
1450731600000,16.558,16.221,15.616
1450735200000,16.507,16.077,15.348
1450738800000,16.604,16.277,15.526
1450742400000,16.642,16.444,15.550
1450746000000,16.620,16.416,15.406
1450749600000,16.636,16.329,15.315
1450753200000,16.568,16.510,15.597
1450756800000,16.602,16.506,15.658
1450760400000,16.587,16.233,15.385
1450764000000,16.564,16.250,15.914
1450767600000,16.589,15.253,15.812
1450771200000,16.577,16.491,15.983
1450774800000,16.552,16.463,15.960
1450778400000,16.552,16.497,15.960
1450782000000,16.546,16.519,15.933
1450785600000,16.540,16.432,15.832
1450789200000,16.521,16.515,15.749
1450792800000,16.519,16.451,15.830
1450796400000,16.512,16.510,15.876
1450800000000,16.526,16.501,16.011
1450803600000,16.503,16.496,16.064
1450807200000,16.502,16.499,16.090
1450810800000,16.506,16.471,16.019
1450814400000,16.490,16.427,16.140
1450818000000,16.505,16.463,16.392
1450821600000,16.475,16.474,16.401
1450825200000,16.504,16.367,16.148
1450828800000,16.529,16.321,15.837
1450832400000,16.544,16.240,15.953
1450836000000,16.557,16.168,15.942
1450839600000,16.558,16.299,16.051
1450843200000,16.523,16.309,15.944
1450846800000,16.508,16.353,16.044
1450850400000,16.478,16.425,16.110
1450854000000,16.572,16.485,15.739
1450857600000,16.633,16.522,16.066
1450861200000,16.642,16.593,15.892
1450864800000,16.625,16.551,15.198
1450868400000,16.621,16.518,15.926
1450872000000,16.631,16.529,15.751
1450875600000,16.635,16.558,15.717
1450879200000,16.626,16.549,15.712
1450882800000,16.605,16.513,15.586
1450886400000,16.596,16.566,15.846
1450890000000,16.598,16.592,15.660
1450893600000,16.602,16.612,16.075
1450897200000,16.605,16.594,16.287
1450900800000,16.633,16.583,16.327
1450904400000,16.641,16.390,15.611
1450908000000,16.672,16.376,15.418
1450911600000,16.767,16.496,16.081
1450915200000,16.732,NaN,16.135
1450918800000,16.809,16.483,16.266
1450922400000,16.769,16.352,15.501
1450926000000,16.752,16.354,15.619
1450929600000,16.918,16.534,15.583
1450933200000,NaN,16.526,15.658
1450936800000,NaN,16.291,15.652
1450940400000,16.822,16.442,15.679
1450944000000,16.720,16.542,15.686
1450947600000,16.632,16.625,15.794
1450951200000,16.620,16.568,15.704
1450954800000,16.669,16.636,16.067
1450958400000,16.690,16.438,16.051
1450962000000,16.654,16.625,16.114
1450965600000,16.627,16.413,15.480
1450969200000,17.042,16.507,16.046
1450972800000,17.095,16.535,NaN
1450976400000,17.146,16.602,16.021
1450980000000,17.206,16.617,15.964
1450983600000,17.256,16.626,NaN
1450987200000,17.281,16.619,16.230
1450990800000,17.279,16.556,16.183
1450994400000,17.222,16.438,15.975
1450998000000,17.269,16.451,16.023
1451001600000,17.191,16.651,16.115
1451005200000,17.056,16.597,15.830
1451008800000,16.963,16.639,15.725
1451012400000,16.893,16.485,15.242
1451016000000,16.812,16.585,15.740
1451019600000,16.815,16.522,15.875
1451023200000,16.783,16.595,15.899
1451026800000,16.748,16.716,15.890
1451030400000,16.740,16.744,15.951
1451034000000,16.716,16.641,15.760
1451037600000,16.715,16.724,15.887
1451041200000,16.694,16.707,15.550
1451044800000,16.671,16.523,15.507
1451048400000,16.674,16.674,15.374
1451052000000,16.723,16.690,14.735
1451055600000,16.733,16.313,14.486
1451059200000,16.706,NaN,14.594
1451062800000,16.688,NaN,14.499
1451066400000,16.561,16.561,15.296
1451070000000,16.512,16.508,14.984
1451073600000,16.502,16.489,15.372
1451077200000,16.652,16.588,15.538
1451080800000,16.806,16.627,15.264
1451084400000,16.794,16.741,15.293
1451088000000,16.786,16.767,15.167
1451091600000,16.742,16.708,15.003
1451095200000,16.658,16.660,15.080
1451098800000,16.591,16.562,14.672
1451102400000,16.555,16.542,14.249
1451106000000,16.549,16.551,14.126
1451109600000,16.531,16.524,14.401
1451113200000,16.499,16.521,14.194
1451116800000,16.474,15.788,13.850
1451120400000,16.406,15.794,13.775
1451124000000,16.261,16.130,13.532
1451127600000,16.197,16.182,13.262
1451131200000,16.159,16.113,13.170
1451134800000,16.064,16.051,13.907
1451138400000,16.191,16.064,13.482
1451142000000,16.178,15.922,13.224
1451145600000,16.103,15.990,13.213
1451149200000,16.075,15.926,12.675
1451152800000,15.957,15.904,12.691
1451156400000,15.980,15.914,12.822
1451160000000,15.985,15.970,13.640
1451163600000,15.921,15.888,13.847
1451167200000,16.027,15.938,14.034
1451170800000,16.038,16.000,13.915
1451174400000,16.199,16.070,13.708
1451178000000,16.381,16.120,14.914
1451181600000,16.444,16.184,15.067
1451185200000,16.447,16.088,14.478
1451188800000,16.425,16.145,13.175
1451192400000,16.422,16.129,13.255
1451196000000,16.449,16.114,12.825
1451199600000,16.479,16.305,12.743
1451203200000,16.490,16.444,13.206
1451206800000,16.419,NaN,12.776
1451210400000,16.312,NaN,12.663
1451214000000,16.282,16.230,13.245
1451217600000,16.343,15.754,12.990
1451221200000,16.292,16.108,12.817
1451224800000,16.387,16.331,12.728
1451228400000,16.449,16.037,12.509
1451232000000,16.273,15.662,12.249
1451235600000,15.921,15.784,12.212
1451239200000,15.820,15.350,13.057
1451242800000,15.970,15.647,12.513
1451246400000,16.095,15.533,12.433
1451250000000,16.436,15.721,12.388
1451253600000,NaN,15.581,12.156
1451257200000,NaN,14.555,12.323
1451260800000,15.942,14.821,12.435
1451264400000,15.891,15.158,12.668
1451268000000,15.823,14.718,12.733
1451271600000,15.816,14.638,12.821
1451275200000,15.810,15.550,12.651
1451278800000,15.845,15.191,12.507
1451282400000,15.820,14.063,12.459
1451286000000,15.870,14.013,12.272
1451289600000,15.839,13.795,12.353
1451293200000,15.807,14.611,12.763
1451296800000,15.778,15.370,12.685
1451300400000,15.755,15.001,12.598
1451304000000,15.743,14.476,12.439
1451307600000,15.748,14.479,12.356
1451311200000,15.739,14.648,12.415
1451314800000,15.734,14.876,12.304
1451318400000,15.730,15.716,12.241
1451322000000,15.751,15.728,12.417
1451325600000,15.859,15.752,12.895
1451329200000,15.905,15.409,13.024
1451332800000,15.892,14.609,13.002
1451336400000,15.904,14.698,12.733
1451340000000,15.889,14.053,12.741
1451343600000,15.847,14.496,12.541
1451347200000,15.860,15.242,12.490
1451350800000,15.835,15.179,12.344
1451354400000,15.824,NaN,12.473
1451358000000,15.809,14.674,12.595
1451361600000,15.768,14.606,12.530
1451365200000,15.789,14.489,12.667
1451368800000,15.769,13.338,12.684
1451372400000,15.777,14.254,12.538
1451376000000,15.792,13.903,12.541
1451379600000,15.811,13.545,12.616
1451383200000,15.821,14.026,12.547
1451386800000,15.827,14.846,12.659
1451390400000,15.821,14.025,12.679
1451394000000,15.786,14.108,13.171
1451397600000,15.741,14.747,12.932
1451401200000,15.708,15.191,12.473
1451404800000,15.696,15.675,12.843
1451408400000,15.687,15.538,12.979
1451412000000,15.683,15.642,13.621
1451415600000,15.660,15.652,13.493
1451419200000,15.673,15.507,13.256
1451422800000,15.769,14.983,13.252
1451426400000,15.868,15.516,12.772
1451430000000,16.003,15.277,12.698
1451433600000,16.106,15.601,13.038
1451437200000,16.234,15.562,13.120
1451440800000,16.159,15.496,12.944
1451444400000,15.882,15.450,12.842
1451448000000,15.706,15.471,12.647
1451451600000,15.682,15.465,12.520
1451455200000,15.560,15.263,12.928
1451458800000,15.500,15.207,13.228
1451462400000,15.507,14.852,13.230
1451466000000,15.528,15.123,13.153
1451469600000,15.675,15.080,12.626
1451473200000,15.637,14.957,12.554
1451476800000,15.626,15.138,12.849
1451480400000,15.602,14.967,12.995
1451484000000,15.542,14.769,12.658
1451487600000,15.477,14.752,12.589
1451491200000,15.415,14.629,12.711
1451494800000,NaN,15.072,12.879
1451498400000,15.526,15.073,13.118
1451502000000,15.716,NaN,13.225
1451505600000,15.858,15.011,13.543
1451509200000,15.988,14.833,13.531
1451512800000,15.949,14.981,12.588
1451516400000,16.114,15.012,12.155
1451520000000,16.100,15.222,12.466
1451523600000,16.150,15.208,12.737
1451527200000,16.148,15.194,12.934
1451530800000,16.148,15.160,13.410
1451534400000,16.140,15.025,13.192
1451538000000,16.112,15.401,13.204
1451541600000,16.123,15.342,13.647
1451545200000,16.096,15.392,13.222
1451548800000,16.070,15.122,13.046
1451552400000,16.023,15.507,12.641
1451556000000,15.990,15.365,12.561
1451559600000,15.953,15.237,12.530
1451563200000,15.914,14.986,12.967
1451566800000,15.896,15.212,12.798
1451570400000,15.896,15.550,12.820
1451574000000,15.926,15.045,12.392
1451577600000,NaN,14.978,13.041
1451581200000,15.948,15.235,12.995
1451584800000,15.977,15.432,12.795
1451588400000,15.995,14.700,13.277
1451592000000,16.052,14.977,13.196
1451595600000,16.108,15.652,12.824
1451599200000,16.123,15.550,12.777
1451602800000,16.115,15.386,12.833
1451606400000,16.135,15.418,12.625
1451610000000,NaN,15.418,12.609
1451613600000,15.953,15.355,12.435
1451617200000,15.818,15.318,12.512
1451620800000,15.891,15.330,12.764
1451624400000,15.915,15.299,13.093
1451628000000,15.895,15.335,13.160
1451631600000,15.915,15.324,13.668
1451635200000,15.920,15.415,13.917
1451638800000,15.907,15.069,13.847
1451642400000,15.900,15.195,12.683
1451646000000,15.874,15.121,12.492
1451649600000,15.855,NaN,12.693
1451653200000,15.855,15.150,12.950
1451656800000,15.848,15.057,12.856
1451660400000,15.870,15.320,12.815
1451664000000,15.884,15.239,13.054
1451667600000,15.912,15.459,12.928
1451671200000,15.936,15.903,13.111
1451674800000,15.957,15.515,13.640
1451678400000,15.978,15.145,13.791
1451682000000,15.997,15.387,14.261
1451685600000,16.018,14.950,13.275
1451689200000,16.034,15.016,13.341
1451692800000,16.097,15.162,12.939
1451696400000,16.067,15.117,12.911
1451700000000,16.034,15.169,13.220
1451703600000,15.984,15.164,13.063
1451707200000,15.940,15.306,13.383
1451710800000,15.952,15.434,13.492
1451714400000,15.976,15.416,13.741
1451718000000,16.012,15.456,13.869
1451721600000,16.029,15.440,13.844
1451725200000,16.038,15.381,13.844
1451728800000,16.037,15.019,12.840
1451732400000,16.045,15.435,12.799
1451736000000,16.031,15.730,13.637
1451739600000,16.028,15.717,13.468
1451743200000,16.022,15.281,13.201
1451746800000,16.025,15.201,13.764
1451750400000,16.019,15.200,13.448
1451754000000,16.007,15.167,13.489
1451757600000,16.001,15.384,13.987
1451761200000,15.998,15.821,14.140
1451764800000,16.002,15.802,14.454
1451768400000,16.015,15.966,14.340
1451772000000,16.064,15.786,14.421
1451775600000,16.058,15.577,13.084
1451779200000,16.048,15.465,12.990
1451782800000,16.027,15.543,13.087
1451786400000,16.041,15.598,13.772
1451790000000,16.012,15.954,14.388
1451793600000,16.008,15.954,13.910
1451797200000,16.006,NaN,14.255
1451800800000,15.990,15.964,14.380
1451804400000,15.985,15.953,14.459
1451808000000,15.987,15.952,14.558
1451811600000,15.970,15.924,14.645
1451815200000,NaN,15.852,14.443
1451818800000,15.956,15.922,14.321
1451822400000,15.935,15.563,13.827
1451826000000,15.927,15.605,13.938
1451829600000,15.939,15.934,14.810
1451833200000,15.934,15.934,14.705
1451836800000,15.931,15.937,14.976
1451840400000,15.962,15.951,15.189
1451844000000,16.025,15.965,15.212
1451847600000,16.078,15.971,15.137
1451851200000,16.166,15.994,15.212
1451854800000,16.171,16.004,14.723
1451858400000,16.161,15.990,14.611
1451862000000,16.164,15.947,14.387
1451865600000,16.127,15.720,14.265
1451869200000,16.094,15.621,14.515
1451872800000,16.080,15.869,14.621
1451876400000,16.087,15.988,14.947
1451880000000,16.098,16.076,14.957
1451883600000,16.090,15.955,14.899
1451887200000,16.086,15.874,14.741
1451890800000,16.081,16.062,14.833
1451894400000,16.073,16.068,14.661
1451898000000,NaN,16.035,14.690
1451901600000,16.062,15.965,14.333
1451905200000,16.052,15.911,14.620
1451908800000,16.044,15.798,14.224
1451912400000,16.024,15.827,14.566
1451916000000,16.027,15.893,14.764
1451919600000,16.020,15.697,14.864
1451923200000,16.023,15.999,15.137
1451926800000,16.022,16.024,15.159
1451930400000,16.033,15.975,14.951
1451934000000,16.042,15.999,14.784
1451937600000,16.064,15.862,14.779
1451941200000,16.082,15.927,14.728
1451944800000,16.094,16.020,14.774
1451948400000,16.126,16.026,14.687
1451952000000,16.084,15.996,14.627
1451955600000,16.116,15.975,14.663
1451959200000,16.132,16.025,14.491
1451962800000,16.232,15.868,14.442
1451966400000,16.116,15.915,14.659
1451970000000,16.105,16.012,14.496
1451973600000,16.052,15.944,14.502
1451977200000,16.074,15.822,14.552
1451980800000,16.076,15.918,14.517
1451984400000,16.040,15.935,14.537
1451988000000,16.083,15.798,14.590
1451991600000,16.033,15.041,14.719
1451995200000,15.914,14.781,14.770
1451998800000,15.912,15.073,14.806
1452002400000,15.881,14.920,14.671
1452006000000,15.964,14.944,14.390
1452009600000,15.946,15.043,14.348
1452013200000,15.979,15.215,14.919
1452016800000,15.924,14.991,14.693
1452020400000,15.909,15.025,14.868
1452024000000,15.831,15.018,14.870
1452027600000,15.868,15.043,14.933
1452031200000,15.848,15.104,14.977
1452034800000,15.833,15.490,15.086
1452038400000,15.809,15.554,15.116
1452042000000,15.738,15.229,15.075
1452045600000,15.616,15.185,15.146
1452049200000,NaN,15.470,15.128
1452052800000,15.564,15.555,15.161
1452056400000,15.635,15.570,15.162
1452060000000,15.699,15.669,15.173
1452063600000,15.708,15.667,15.231
1452067200000,15.708,15.474,15.271
1452070800000,15.702,15.662,15.332
1452074400000,15.707,15.683,15.320
1452078000000,15.716,15.707,15.446
1452081600000,15.800,15.723,15.533
1452085200000,15.932,15.809,15.601
1452088800000,16.064,15.553,14.938
1452092400000,16.099,15.602,14.716
1452096000000,16.109,15.655,14.682
1452099600000,16.084,15.586,14.792
1452103200000,16.045,15.561,14.897
1452106800000,16.061,15.669,15.143
1452110400000,16.069,15.862,15.066
1452114000000,NaN,NaN,NaN
1452117600000,16.105,16.074,NaN
1452121200000,NaN,16.127,NaN
1452124800000,16.139,16.094,NaN
1452128400000,16.141,16.067,NaN
1452132000000,16.133,15.807,NaN
1452135600000,16.117,15.764,NaN
1452139200000,16.127,15.851,NaN
1452142800000,16.123,15.898,NaN
1452146400000,16.095,16.049,NaN
1452150000000,16.128,16.112,NaN
1452153600000,16.147,16.139,NaN
1452157200000,15.918,16.002,NaN
1452160800000,16.006,16.163,NaN
1452164400000,16.103,16.174,NaN
1452168000000,16.122,16.166,NaN
1452171600000,16.148,16.160,NaN
1452175200000,16.127,16.168,NaN
1452178800000,16.055,16.174,NaN
1452182400000,16.018,16.168,NaN
1452186000000,15.983,16.177,NaN
1452189600000,15.981,16.180,NaN
1452193200000,15.926,16.185,NaN
1452196800000,NaN,16.180,NaN
1452200400000,15.932,16.163,NaN
1452204000000,15.960,16.168,NaN
1452207600000,NaN,16.140,NaN
1452211200000,NaN,16.122,NaN
1452214800000,16.142,16.140,NaN
1452218400000,16.129,16.121,NaN
1452222000000,16.117,16.113,NaN
1452225600000,16.054,16.032,NaN
1452229200000,16.047,15.925,NaN
1452232800000,15.918,NaN,NaN
1452236400000,15.831,15.733,NaN
1452240000000,15.718,15.654,NaN
1452243600000,15.464,15.577,NaN
1452247200000,15.472,15.573,NaN
1452250800000,15.546,15.582,NaN
1452254400000,15.559,15.460,NaN
1452258000000,15.541,15.557,NaN
1452261600000,15.506,15.550,NaN
1452265200000,15.454,15.618,NaN
1452268800000,15.453,15.670,NaN
1452272400000,15.331,15.680,NaN
1452276000000,15.324,15.665,NaN
1452279600000,15.308,15.655,NaN
1452283200000,15.377,15.670,NaN
1452286800000,15.438,15.525,NaN
1452290400000,15.337,15.544,NaN
1452294000000,15.423,15.528,NaN
1452297600000,15.437,15.536,NaN
1452301200000,15.498,15.536,NaN
1452304800000,15.572,15.574,NaN
1452308400000,15.564,15.571,NaN
1452312000000,15.557,15.542,NaN
1452315600000,15.476,15.626,NaN
1452319200000,15.643,15.538,NaN
1452322800000,15.595,15.652,NaN
1452326400000,15.411,15.559,NaN
1452330000000,15.222,15.523,NaN
1452333600000,15.383,15.509,NaN
1452337200000,15.304,15.380,NaN
1452340800000,15.369,15.575,NaN
1452344400000,15.359,15.685,NaN
1452348000000,15.400,15.727,NaN
1452351600000,15.400,15.667,NaN
1452355200000,15.549,15.669,NaN
1452358800000,15.491,15.716,NaN
1452362400000,15.405,15.548,NaN
1452366000000,15.540,15.571,NaN
1452369600000,15.731,15.645,NaN
1452373200000,15.764,15.794,NaN
1452376800000,16.061,15.767,NaN
1452380400000,16.061,15.741,NaN
1452384000000,16.047,15.919,NaN
1452387600000,16.037,15.838,NaN
1452391200000,16.036,15.651,NaN
1452394800000,16.027,15.719,NaN
1452398400000,16.003,15.833,NaN
1452402000000,16.008,15.640,NaN
1452405600000,16.014,15.746,NaN
1452409200000,16.014,15.780,NaN
1452412800000,16.016,15.709,NaN
1452416400000,16.008,15.712,NaN
1452420000000,15.996,15.711,NaN
1452423600000,15.986,15.844,NaN
1452427200000,15.994,15.702,NaN
1452430800000,16.022,15.725,NaN
1452434400000,16.021,15.750,NaN
1452438000000,16.021,15.733,NaN
1452441600000,16.014,15.745,NaN
1452445200000,16.023,15.764,NaN
1452448800000,NaN,15.816,NaN
1452452400000,16.066,15.730,NaN
1452456000000,16.112,15.918,NaN
1452459600000,16.129,15.900,NaN
1452463200000,16.130,16.096,NaN
1452466800000,16.132,16.003,NaN
1452470400000,16.125,15.884,NaN
1452474000000,16.126,15.914,NaN
1452477600000,16.123,15.930,NaN
1452481200000,16.110,15.903,NaN
1452484800000,16.097,15.909,NaN
1452488400000,16.090,16.010,NaN
1452492000000,16.083,15.952,NaN
1452495600000,16.074,15.949,NaN
1452499200000,16.070,15.954,NaN
1452502800000,16.057,15.979,NaN
1452506400000,16.048,15.943,NaN
1452510000000,15.784,15.984,NaN
1452513600000,15.769,15.822,NaN
1452517200000,15.828,15.721,NaN
1452520800000,15.769,15.753,NaN
1452524400000,15.690,15.862,NaN
1452528000000,15.730,15.903,NaN
1452531600000,NaN,15.921,NaN
1452535200000,15.721,15.932,NaN
1452538800000,15.683,15.937,NaN
1452542400000,15.623,15.939,NaN
1452546000000,15.588,15.941,NaN
1452549600000,15.829,15.930,NaN
1452553200000,15.915,15.939,NaN
1452556800000,15.841,15.923,NaN
1452560400000,15.795,15.841,NaN
1452564000000,15.746,15.850,NaN
1452567600000,15.767,15.897,NaN
1452571200000,15.803,15.826,NaN
1452574800000,15.474,15.761,NaN
1452578400000,15.464,15.779,NaN
1452582000000,15.870,15.724,NaN
1452585600000,15.906,15.721,NaN
1452589200000,15.427,15.885,NaN
1452592800000,15.398,15.814,NaN
1452596400000,15.389,15.777,NaN
1452600000000,15.850,15.798,NaN
1452603600000,15.573,15.812,NaN
1452607200000,15.825,15.849,NaN
1452610800000,15.455,15.839,NaN
1452614400000,15.548,NaN,NaN
1452618000000,15.777,15.780,NaN
1452621600000,15.700,15.787,NaN
1452625200000,15.596,15.759,NaN
1452628800000,15.838,15.625,NaN
1452632400000,15.691,15.549,NaN
1452636000000,15.743,15.678,NaN
1452639600000,15.910,15.864,NaN
1452643200000,15.681,15.778,NaN
1452646800000,15.688,15.857,NaN
1452650400000,15.636,15.735,NaN
1452654000000,15.640,15.697,NaN
1452657600000,15.597,15.749,NaN
1452661200000,15.607,15.691,NaN
1452664800000,15.576,15.590,NaN
1452668400000,15.543,15.660,NaN
1452672000000,15.407,15.677,NaN
1452675600000,15.414,15.693,NaN
1452679200000,15.428,15.715,NaN
1452682800000,15.512,15.786,NaN
1452686400000,15.572,15.749,NaN
1452690000000,15.574,15.754,NaN
1452693600000,15.582,15.705,NaN
1452697200000,15.590,15.721,NaN
1452700800000,15.608,15.698,NaN
1452704400000,15.627,15.704,NaN
1452708000000,15.636,15.659,NaN
1452711600000,15.634,15.651,NaN
1452715200000,15.686,15.648,NaN
1452718800000,15.676,15.658,NaN
1452722400000,15.698,15.661,NaN
1452726000000,15.695,15.665,NaN
1452729600000,15.914,15.688,NaN
1452733200000,15.838,15.679,NaN
1452736800000,15.884,15.691,NaN
1452740400000,15.805,15.614,NaN
1452744000000,15.728,15.611,NaN
1452747600000,15.735,15.662,NaN
1452751200000,15.734,15.599,NaN
1452754800000,15.740,15.624,NaN
1452758400000,15.721,15.656,NaN
1452762000000,15.693,15.654,NaN
1452765600000,15.670,15.727,NaN
1452769200000,NaN,15.687,NaN
1452772800000,15.664,15.752,NaN
1452776400000,15.774,15.776,NaN
1452780000000,15.812,15.706,NaN
1452783600000,15.833,15.786,NaN
1452787200000,15.835,15.768,NaN
1452790800000,15.845,15.762,NaN
1452794400000,15.884,15.756,NaN
1452798000000,15.957,15.687,NaN
1452801600000,16.009,15.740,NaN
1452805200000,16.018,15.760,NaN
1452808800000,16.025,15.760,NaN
1452812400000,15.983,15.570,NaN
1452816000000,16.035,15.777,NaN
1452819600000,16.002,15.769,NaN
1452823200000,16.002,15.784,NaN
1452826800000,16.046,15.767,NaN
1452830400000,16.013,15.731,NaN
1452834000000,15.999,15.726,NaN
1452837600000,15.979,15.716,NaN
1452841200000,15.968,15.651,NaN
1452844800000,15.964,15.740,NaN
1452848400000,15.956,15.743,NaN
1452852000000,NaN,15.817,NaN
1452855600000,15.955,15.911,NaN
1452859200000,15.960,15.803,NaN
1452862800000,15.960,15.638,NaN
1452866400000,15.952,15.922,NaN
1452870000000,15.945,15.835,NaN
1452873600000,15.926,15.892,NaN
1452877200000,15.937,15.603,NaN
1452880800000,15.950,15.890,NaN
1452884400000,15.938,15.900,NaN
1452888000000,15.943,15.903,NaN
1452891600000,15.951,15.589,NaN
1452895200000,15.967,15.826,NaN
1452898800000,15.957,NaN,NaN
1452902400000,15.982,15.674,NaN
1452906000000,15.970,15.669,NaN
1452909600000,15.961,15.608,NaN
1452913200000,15.952,15.675,NaN
1452916800000,15.954,15.639,NaN
1452920400000,15.943,15.614,NaN
1452924000000,15.922,15.634,NaN
1452927600000,15.925,15.769,NaN
1452931200000,15.920,15.652,NaN
1452934800000,15.909,NaN,NaN
1452938400000,15.911,15.825,NaN
1452942000000,15.902,15.902,NaN
1452945600000,15.900,15.805,NaN
1452949200000,15.895,15.894,NaN
1452952800000,15.890,15.454,NaN
1452956400000,15.891,15.855,NaN
1452960000000,15.889,15.889,NaN
1452963600000,15.885,15.879,NaN
1452967200000,15.885,15.883,NaN
1452970800000,15.887,15.873,NaN
1452974400000,15.902,15.877,NaN
1452978000000,15.912,15.879,NaN
1452981600000,15.929,15.870,NaN
1452985200000,15.928,15.718,NaN
1452988800000,15.934,15.861,NaN
1452992400000,15.916,15.572,NaN
1452996000000,15.969,15.868,NaN
1452999600000,15.928,15.817,NaN
1453003200000,16.003,15.868,NaN
1453006800000,15.994,15.858,NaN
1453010400000,15.990,15.650,NaN
1453014000000,15.937,15.415,NaN
1453017600000,15.976,15.444,NaN
1453021200000,15.940,NaN,NaN
1453024800000,15.909,15.823,NaN
1453028400000,15.877,15.641,NaN
1453032000000,15.874,15.689,NaN
1453035600000,15.799,15.716,NaN
1453039200000,15.665,15.662,NaN
1453042800000,15.617,15.649,NaN
1453046400000,15.620,NaN,NaN
1453050000000,15.624,15.609,NaN
1453053600000,15.594,15.302,NaN
1453057200000,15.645,15.124,NaN
1453060800000,15.697,15.500,NaN
1453064400000,15.617,15.548,NaN
1453068000000,15.770,15.551,NaN
1453071600000,15.660,15.524,NaN
1453075200000,15.646,15.589,NaN
1453078800000,15.686,15.529,NaN
1453082400000,15.684,15.615,NaN
1453086000000,15.694,15.542,NaN
1453089600000,NaN,15.492,NaN
1453093200000,15.658,15.551,NaN
1453096800000,15.665,15.106,NaN
1453100400000,15.706,15.497,NaN
1453104000000,15.732,15.496,NaN
1453107600000,15.738,15.494,NaN
1453111200000,15.723,15.493,NaN
1453114800000,15.720,NaN,NaN
1453118400000,15.770,15.245,NaN
1453122000000,15.809,15.545,NaN
1453125600000,15.829,15.364,NaN
1453129200000,15.840,15.636,NaN
1453132800000,15.827,15.671,NaN
1453136400000,15.807,15.712,NaN
1453140000000,15.804,15.718,NaN
1453143600000,15.786,15.540,NaN
1453147200000,15.855,15.397,NaN
1453150800000,15.852,15.382,NaN
1453154400000,15.861,15.646,NaN
1453158000000,15.870,15.438,NaN
1453161600000,15.882,15.498,NaN
1453165200000,15.911,15.416,NaN
1453168800000,15.891,15.506,NaN
1453172400000,15.831,15.507,NaN
1453176000000,15.794,15.336,NaN
1453179600000,15.756,15.432,NaN
1453183200000,15.763,15.754,NaN
1453186800000,15.793,15.777,NaN
1453190400000,15.796,15.181,NaN
1453194000000,15.763,15.474,NaN
1453197600000,15.769,15.745,NaN
1453201200000,15.808,15.752,NaN
1453204800000,15.805,15.421,NaN
1453208400000,15.802,15.390,NaN
1453212000000,15.807,15.330,NaN
1453215600000,15.799,15.557,NaN
1453219200000,15.804,15.407,NaN
1453222800000,15.800,15.414,NaN
1453226400000,15.798,15.606,NaN
1453230000000,15.806,15.301,NaN
1453233600000,15.809,15.455,NaN
1453237200000,15.766,15.468,NaN
1453240800000,15.767,15.543,NaN
1453244400000,15.810,15.487,NaN
1453248000000,15.798,15.651,NaN
1453251600000,15.808,15.585,NaN
1453255200000,15.826,15.430,NaN
1453258800000,15.816,15.274,NaN
1453262400000,15.817,NaN,NaN
1453266000000,15.814,15.170,NaN
1453269600000,15.793,15.181,NaN
1453273200000,15.751,15.260,NaN
1453276800000,15.759,15.234,NaN
1453280400000,15.754,15.028,NaN
1453284000000,15.713,15.405,NaN
1453287600000,15.707,15.375,NaN
1453291200000,15.702,NaN,NaN
1453294800000,15.699,15.423,NaN
1453298400000,15.698,15.408,NaN
1453302000000,15.700,15.428,NaN
1453305600000,15.714,15.450,NaN
1453309200000,15.752,15.432,NaN
1453312800000,15.745,15.453,NaN
1453316400000,15.670,15.661,NaN
1453320000000,15.677,15.469,NaN
1453323600000,15.721,15.323,NaN
1453327200000,NaN,15.411,NaN
1453330800000,15.803,15.200,NaN
1453334400000,15.817,15.028,NaN
1453338000000,15.914,14.810,NaN
1453341600000,15.890,14.884,NaN
1453345200000,15.911,14.935,NaN
1453348800000,15.866,14.972,NaN
1453352400000,15.834,15.461,NaN
1453356000000,15.816,15.357,NaN
1453359600000,15.801,15.382,NaN
1453363200000,15.786,15.578,NaN
1453366800000,15.782,15.138,NaN
1453370400000,15.749,15.612,NaN
1453374000000,15.747,15.301,NaN
1453377600000,15.742,15.130,NaN
1453381200000,15.744,15.221,NaN
1453384800000,15.725,15.403,NaN
1453388400000,15.724,15.395,NaN
1453392000000,15.758,15.487,NaN
1453395600000,15.768,15.367,NaN
1453399200000,15.795,15.193,NaN
1453402800000,15.812,15.355,NaN
1453406400000,15.839,15.351,NaN
1453410000000,NaN,15.264,NaN
1453413600000,15.889,15.214,NaN
1453417200000,15.877,15.213,NaN
1453420800000,15.861,15.010,NaN
1453424400000,15.937,15.108,NaN
1453428000000,15.878,15.223,NaN
1453431600000,15.865,15.201,NaN
1453435200000,15.899,15.347,NaN
1453438800000,15.965,15.309,NaN
1453442400000,15.904,15.213,NaN
1453446000000,15.897,15.008,NaN
1453449600000,15.888,15.269,NaN
1453453200000,15.854,15.310,NaN
1453456800000,15.847,15.333,NaN
1453460400000,15.837,15.049,NaN
1453464000000,15.823,15.302,NaN
1453467600000,15.829,15.304,NaN
1453471200000,15.833,15.250,NaN
1453474800000,15.826,15.328,NaN
1453478400000,15.831,15.303,NaN
1453482000000,15.837,15.308,NaN
1453485600000,15.846,15.359,NaN
1453489200000,15.862,14.976,NaN
1453492800000,15.875,15.139,NaN
1453496400000,15.960,15.161,NaN
1453500000000,16.026,15.308,NaN
1453503600000,15.899,15.103,NaN
1453507200000,15.908,15.216,NaN
1453510800000,15.980,15.338,NaN
1453514400000,15.961,15.123,NaN
1453518000000,15.987,15.252,NaN
1453521600000,15.986,14.796,NaN
1453525200000,NaN,15.321,NaN
1453528800000,15.977,15.069,NaN
1453532400000,15.986,14.846,NaN
1453536000000,15.970,15.246,NaN
1453539600000,15.934,15.007,NaN
1453543200000,15.875,15.187,NaN
1453546800000,15.810,15.246,NaN
1453550400000,15.809,15.066,NaN
1453554000000,15.773,15.028,NaN
1453557600000,15.749,14.616,NaN
1453561200000,15.718,14.968,NaN
1453564800000,15.727,15.046,NaN
1453568400000,15.727,15.135,NaN
1453572000000,15.731,15.069,NaN
1453575600000,15.741,14.976,NaN
1453579200000,15.770,15.047,NaN
1453582800000,15.774,15.322,NaN
1453586400000,15.769,15.318,NaN
1453590000000,15.791,15.312,NaN
1453593600000,15.819,15.221,NaN
1453597200000,15.783,14.952,NaN
1453600800000,15.797,14.917,NaN
1453604400000,15.771,14.386,NaN
1453608000000,15.738,14.730,NaN
1453611600000,15.739,14.989,NaN
1453615200000,15.720,14.995,NaN
1453618800000,15.696,15.065,NaN
1453622400000,15.693,15.101,NaN
1453626000000,15.691,15.123,NaN
1453629600000,15.687,15.241,NaN
1453633200000,15.622,15.210,NaN
1453636800000,15.600,15.298,NaN
1453640400000,15.611,14.882,NaN
1453644000000,15.578,14.851,NaN
1453647600000,NaN,15.145,NaN
1453651200000,15.622,14.720,NaN
1453654800000,15.625,14.777,NaN
1453658400000,15.652,14.627,NaN
1453662000000,15.617,14.962,NaN
1453665600000,15.818,15.208,NaN
1453669200000,15.903,15.239,NaN
1453672800000,15.799,15.134,NaN
1453676400000,15.896,15.312,NaN
1453680000000,15.801,14.985,NaN
1453683600000,15.952,15.312,NaN
1453687200000,15.936,15.236,NaN
1453690800000,15.742,15.132,NaN
1453694400000,15.786,14.924,NaN
1453698000000,15.773,15.056,NaN
1453701600000,15.765,14.957,NaN
1453705200000,15.748,14.420,NaN
1453708800000,15.747,14.972,NaN
1453712400000,15.753,15.128,NaN
1453716000000,15.805,15.191,NaN
1453719600000,15.733,14.980,NaN
1453723200000,15.740,15.120,NaN
1453726800000,15.694,15.033,NaN
1453730400000,15.692,15.211,NaN
1453734000000,15.702,14.972,NaN
1453737600000,15.704,15.216,NaN
1453741200000,15.705,15.101,NaN
1453744800000,15.704,15.102,NaN
1453748400000,15.722,15.155,NaN
1453752000000,15.747,15.232,NaN
1453755600000,15.730,15.253,NaN
1453759200000,15.753,15.222,NaN
1453762800000,15.872,15.347,NaN
1453766400000,15.912,15.351,NaN
1453770000000,15.951,15.178,NaN
1453773600000,15.950,15.513,NaN
1453777200000,15.840,15.311,NaN
1453780800000,15.792,15.206,NaN
1453784400000,15.781,15.186,NaN
1453788000000,15.821,15.079,NaN
1453791600000,15.828,15.300,NaN
1453795200000,15.765,15.275,NaN
1453798800000,15.804,15.273,NaN
1453802400000,15.831,15.484,NaN
1453806000000,15.794,15.651,NaN
1453809600000,15.733,15.118,NaN
1453813200000,15.671,15.166,NaN
1453816800000,15.694,15.149,NaN
1453820400000,15.670,15.133,NaN
1453824000000,15.701,15.178,NaN
1453827600000,15.719,15.037,NaN
1453831200000,15.719,15.407,NaN
1453834800000,15.726,15.327,NaN
1453838400000,15.740,15.360,NaN
1453842000000,15.842,15.152,NaN
1453845600000,15.838,15.365,NaN
1453849200000,15.928,15.296,NaN
1453852800000,15.822,15.302,NaN
1453856400000,15.758,15.408,NaN
1453860000000,15.764,15.378,NaN
1453863600000,15.722,15.192,NaN
1453867200000,15.663,15.347,NaN
1453870800000,15.614,15.258,NaN
1453874400000,15.585,15.128,NaN
1453878000000,15.628,15.173,NaN
1453881600000,15.661,15.184,NaN
1453885200000,15.641,15.198,NaN
1453888800000,15.644,15.150,NaN
1453892400000,15.621,15.322,NaN
1453896000000,15.600,15.403,NaN
1453899600000,15.599,15.215,NaN
1453903200000,15.599,15.361,NaN
1453906800000,15.576,15.363,NaN
1453910400000,15.572,15.436,NaN
1453914000000,15.605,15.309,NaN
1453917600000,15.615,15.408,NaN
1453921200000,15.628,15.266,NaN
1453924800000,15.643,15.236,NaN
1453928400000,15.644,NaN,NaN
1453932000000,15.645,15.341,NaN
1453935600000,15.642,15.427,NaN
1453939200000,15.633,15.002,NaN
1453942800000,15.632,15.342,NaN
1453946400000,15.647,15.352,NaN
1453950000000,15.680,15.303,NaN
1453953600000,15.643,15.270,NaN
1453957200000,15.641,15.181,NaN
1453960800000,15.608,15.297,NaN
1453964400000,15.615,15.352,NaN
1453968000000,NaN,15.146,NaN
1453971600000,NaN,15.293,NaN
1453975200000,15.509,15.288,NaN
1453978800000,15.485,15.140,NaN
1453982400000,15.501,15.235,NaN
1453986000000,15.490,15.313,NaN
1453989600000,15.465,15.312,NaN
1453993200000,15.449,15.265,NaN
1453996800000,15.466,15.298,NaN
1454000400000,15.536,15.220,NaN
1454004000000,15.527,15.301,NaN
1454007600000,15.567,15.310,NaN
1454011200000,15.579,15.222,NaN
1454014800000,15.620,14.926,NaN
1454018400000,15.615,14.957,NaN
1454022000000,15.598,15.237,NaN
1454025600000,15.744,15.220,NaN
1454029200000,15.702,15.379,NaN
1454032800000,15.758,15.389,NaN
1454036400000,15.732,15.383,NaN
1454040000000,15.758,15.526,NaN
1454043600000,15.722,15.505,NaN
1454047200000,15.633,15.343,NaN
1454050800000,15.655,14.977,NaN
1454054400000,15.738,15.287,NaN
1454058000000,15.711,15.412,NaN
1454061600000,15.701,15.416,NaN
1454065200000,15.679,15.386,NaN
1454068800000,15.671,15.467,NaN
1454072400000,15.670,15.492,NaN
1454076000000,15.682,NaN,NaN
1454079600000,15.667,15.498,NaN
1454083200000,15.693,15.585,NaN
1454086800000,15.679,15.513,NaN
1454090400000,15.669,15.430,NaN
1454094000000,15.677,15.352,NaN
1454097600000,15.690,15.148,NaN
1454101200000,15.718,15.252,NaN
1454104800000,15.735,15.224,NaN
1454108400000,15.885,15.625,NaN
1454112000000,15.913,15.616,NaN
1454115600000,15.975,15.433,NaN
1454119200000,15.762,15.367,NaN
1454122800000,15.730,15.226,NaN
1454126400000,15.714,15.315,NaN
1454130000000,15.936,15.345,NaN
1454133600000,15.937,15.410,NaN
1454137200000,15.760,15.244,NaN
1454140800000,15.757,14.590,NaN
1454144400000,15.760,14.847,NaN
1454148000000,15.790,14.743,NaN
1454151600000,15.763,14.942,NaN
1454155200000,15.838,15.127,NaN
1454158800000,15.860,15.286,NaN
1454162400000,15.823,15.183,NaN
1454166000000,15.805,15.253,NaN
1454169600000,15.794,15.268,NaN
1454173200000,15.798,15.233,NaN
1454176800000,15.804,15.154,NaN
1454180400000,15.812,15.185,NaN
1454184000000,15.775,14.893,NaN
1454187600000,15.729,14.643,NaN
1454191200000,15.708,14.921,NaN
1454194800000,15.845,15.074,NaN
1454198400000,15.814,15.191,NaN
1454202000000,15.805,15.387,NaN
1454205600000,15.811,15.612,NaN
1454209200000,15.818,15.612,NaN
1454212800000,15.836,15.620,NaN
1454216400000,15.874,15.626,NaN
1454220000000,15.852,15.685,NaN
1454223600000,15.842,NaN,NaN
1454227200000,15.838,15.647,NaN
1454230800000,15.829,15.663,NaN
1454234400000,15.820,15.682,NaN
1454238000000,15.805,15.666,NaN
1454241600000,15.776,15.705,NaN
1454245200000,15.762,15.714,NaN
1454248800000,15.708,15.591,NaN
1454252400000,15.716,15.459,NaN
1454256000000,15.719,15.490,NaN
1454259600000,NaN,15.674,NaN
1454263200000,15.748,15.659,NaN
1454266800000,15.816,15.593,NaN
1454270400000,15.789,15.589,NaN
1454274000000,NaN,15.672,NaN
1454277600000,15.741,15.723,NaN
1454281200000,NaN,15.743,NaN
1454284800000,15.730,15.708,NaN
1454288400000,15.673,15.621,NaN
1454292000000,NaN,15.605,NaN
1454295600000,15.540,15.519,NaN
1454299200000,NaN,15.557,NaN
1454302800000,NaN,15.422,NaN
1454306400000,15.533,15.353,NaN
1454310000000,NaN,15.380,NaN
1454313600000,NaN,15.342,NaN
1454317200000,NaN,15.281,NaN
1454320800000,NaN,15.149,NaN
1454324400000,NaN,15.235,NaN
1454328000000,15.443,14.939,NaN
1454331600000,NaN,14.075,NaN
1454335200000,15.285,14.724,NaN
1454338800000,NaN,14.605,NaN
1454342400000,15.278,14.799,NaN
1454346000000,NaN,14.863,NaN
1454349600000,NaN,NaN,NaN
1454353200000,14.983,14.743,NaN
1454356800000,NaN,14.043,NaN
1454360400000,NaN,14.789,NaN
1454364000000,NaN,13.198,NaN
1454367600000,NaN,NaN,NaN
1454371200000,NaN,NaN,NaN
1454374800000,NaN,14.768,NaN
1454378400000,NaN,14.752,NaN
1454382000000,NaN,14.722,NaN
1454385600000,NaN,14.666,NaN
1454389200000,NaN,NaN,NaN
1454392800000,NaN,14.624,NaN
1454396400000,NaN,14.632,NaN
1454400000000,NaN,14.665,NaN
1454403600000,NaN,14.583,NaN
1454407200000,NaN,14.161,NaN
1454410800000,NaN,14.634,NaN
1454414400000,NaN,14.079,NaN
1454418000000,NaN,14.457,NaN
1454421600000,NaN,12.880,NaN
1454425200000,NaN,12.964,NaN
1454428800000,NaN,14.744,NaN
1454432400000,NaN,14.724,NaN
1454436000000,NaN,14.683,NaN
1454439600000,NaN,14.716,NaN
1454443200000,NaN,14.716,NaN
1454446800000,NaN,14.786,NaN
1454450400000,NaN,14.810,NaN
1454454000000,NaN,14.831,NaN
1454457600000,NaN,14.822,NaN
1454461200000,NaN,14.837,NaN
1454464800000,NaN,14.820,NaN
1454468400000,NaN,14.838,NaN
1454472000000,NaN,14.089,NaN
1454475600000,NaN,14.103,NaN
1454479200000,NaN,14.439,NaN
1454482800000,NaN,14.655,NaN
1454486400000,NaN,14.849,NaN
1454490000000,NaN,14.299,NaN
1454493600000,NaN,14.863,NaN
1454497200000,NaN,14.258,NaN
1454500800000,NaN,13.397,NaN
1454504400000,NaN,14.328,NaN
1454508000000,NaN,14.848,NaN
1454511600000,NaN,14.432,NaN
1454515200000,NaN,14.682,NaN
1454518800000,NaN,14.134,NaN
1454522400000,NaN,14.795,NaN
1454526000000,NaN,14.831,NaN
1454529600000,NaN,14.838,NaN
1454533200000,NaN,14.859,NaN
1454536800000,NaN,14.860,NaN
1454540400000,NaN,14.547,NaN
1454544000000,NaN,14.593,NaN
1454547600000,NaN,14.715,NaN
1454551200000,NaN,14.747,NaN
1454554800000,NaN,14.579,NaN
1454558400000,NaN,14.396,NaN
1454562000000,NaN,14.485,NaN
1454565600000,NaN,14.671,NaN
1454569200000,NaN,14.812,NaN
1454572800000,NaN,14.063,NaN
1454576400000,NaN,14.050,NaN
1454580000000,NaN,14.808,NaN
1454583600000,NaN,14.165,NaN
1454587200000,NaN,14.551,NaN
1454590800000,NaN,14.510,NaN
1454594400000,NaN,14.452,NaN
1454598000000,NaN,14.791,NaN
1454601600000,NaN,14.518,NaN
1454605200000,NaN,14.463,NaN
1454608800000,NaN,14.442,NaN
1454612400000,NaN,14.457,NaN
1454616000000,NaN,14.714,NaN
1454619600000,NaN,14.362,NaN
1454623200000,NaN,14.548,NaN
1454626800000,NaN,14.727,NaN
1454630400000,NaN,14.725,NaN
1454634000000,NaN,14.711,NaN
1454637600000,NaN,14.525,NaN
1454641200000,NaN,14.096,NaN
1454644800000,NaN,14.357,NaN
1454648400000,NaN,14.468,NaN
1454652000000,NaN,14.459,NaN
1454655600000,NaN,14.023,NaN
1454659200000,NaN,14.512,NaN
1454662800000,NaN,14.557,NaN
1454666400000,NaN,14.201,NaN
1454670000000,NaN,14.444,NaN
1454673600000,NaN,13.897,NaN
1454677200000,NaN,14.199,NaN
1454680800000,NaN,14.271,NaN
1454684400000,NaN,14.398,NaN
1454688000000,NaN,14.400,NaN
1454691600000,NaN,14.444,NaN
1454695200000,NaN,14.226,NaN
1454698800000,NaN,14.436,NaN
1454702400000,NaN,14.492,NaN
1454706000000,NaN,14.496,NaN
1454709600000,NaN,14.502,NaN
1454713200000,NaN,14.405,NaN
1454716800000,NaN,14.018,NaN
1454720400000,NaN,13.977,NaN
1454724000000,NaN,14.324,NaN
1454727600000,NaN,14.274,NaN
1454731200000,NaN,14.265,NaN
1454734800000,NaN,14.324,NaN
1454738400000,NaN,14.247,NaN
1454742000000,NaN,14.192,NaN
1454745600000,NaN,13.948,NaN
1454749200000,NaN,13.997,NaN
1454752800000,NaN,14.453,NaN
1454756400000,NaN,14.474,NaN
1454760000000,NaN,14.393,NaN
1454763600000,NaN,14.164,NaN
1454767200000,NaN,14.411,NaN
1454770800000,NaN,14.403,NaN
1454774400000,NaN,14.380,NaN
1454778000000,NaN,14.466,NaN
1454781600000,NaN,14.361,NaN
1454785200000,NaN,14.160,NaN
1454788800000,NaN,14.387,NaN
1454792400000,NaN,13.984,NaN
1454796000000,NaN,14.002,NaN
1454799600000,NaN,14.572,NaN
1454803200000,NaN,14.345,NaN
1454806800000,NaN,14.197,NaN
1454810400000,NaN,13.916,NaN
1454814000000,NaN,14.245,NaN
1454817600000,NaN,14.024,NaN
1454821200000,NaN,14.067,NaN
1454824800000,NaN,14.087,NaN
1454828400000,NaN,13.738,NaN
1454832000000,NaN,14.125,NaN
1454835600000,NaN,14.391,NaN
1454839200000,NaN,14.012,NaN
1454842800000,NaN,14.318,NaN
1454846400000,NaN,14.327,NaN
1454850000000,NaN,14.137,NaN
1454853600000,NaN,14.056,NaN
1454857200000,NaN,14.164,NaN
1454860800000,NaN,14.541,NaN
1454864400000,NaN,14.601,NaN
1454868000000,NaN,14.390,NaN
1454871600000,NaN,14.316,NaN
1454875200000,NaN,14.302,NaN
1454878800000,NaN,14.408,NaN
1454882400000,NaN,14.508,NaN
1454886000000,NaN,14.453,NaN
1454889600000,NaN,14.760,NaN
1454893200000,NaN,14.640,NaN
1454896800000,NaN,14.431,NaN
1454900400000,NaN,14.351,NaN
1454904000000,NaN,14.352,NaN
1454907600000,NaN,14.290,NaN
1454911200000,NaN,14.317,NaN
1454914800000,NaN,14.243,NaN
1454918400000,NaN,14.393,NaN
1454922000000,NaN,14.353,NaN
1454925600000,NaN,14.180,NaN
1454929200000,NaN,14.463,NaN
1454932800000,NaN,14.284,NaN
1454936400000,NaN,14.313,NaN
1454940000000,NaN,13.962,NaN
1454943600000,NaN,14.043,NaN
1454947200000,NaN,14.170,NaN
1454950800000,NaN,13.996,NaN
1454954400000,NaN,14.457,NaN
1454958000000,NaN,14.247,NaN
1454961600000,NaN,NaN,NaN
1454965200000,NaN,14.555,NaN
1454968800000,NaN,13.969,NaN
1454972400000,NaN,14.727,NaN
1454976000000,NaN,14.758,NaN
1454979600000,NaN,14.656,NaN
1454983200000,NaN,14.501,NaN
1454986800000,NaN,14.504,NaN
1454990400000,NaN,14.184,NaN
1454994000000,NaN,14.015,NaN
1454997600000,NaN,14.107,NaN
1455001200000,NaN,14.704,NaN
1455004800000,NaN,14.663,NaN
1455008400000,NaN,14.756,NaN
1455012000000,NaN,14.738,NaN
1455015600000,NaN,14.421,NaN
1455019200000,NaN,14.776,NaN
1455022800000,NaN,14.645,NaN
1455026400000,NaN,14.693,NaN
1455030000000,NaN,14.762,NaN
1455033600000,NaN,14.592,NaN
1455037200000,NaN,14.790,NaN
1455040800000,NaN,14.811,NaN
1455044400000,NaN,14.817,NaN
1455048000000,NaN,14.533,NaN
1455051600000,NaN,14.687,NaN
1455055200000,NaN,14.624,NaN
1455058800000,NaN,14.094,NaN
1455062400000,NaN,14.365,NaN
1455066000000,NaN,14.757,NaN
1455069600000,NaN,14.679,NaN
1455073200000,NaN,14.697,NaN
1455076800000,NaN,14.680,NaN
1455080400000,NaN,14.708,NaN
1455084000000,NaN,14.687,NaN
1455087600000,NaN,14.686,NaN
1455091200000,NaN,14.636,NaN
1455094800000,NaN,14.668,NaN
1455098400000,NaN,14.694,NaN
1455102000000,NaN,14.716,NaN
1455105600000,NaN,14.720,NaN
1455109200000,NaN,NaN,NaN
1455112800000,NaN,14.770,NaN
1455116400000,NaN,14.785,NaN
1455120000000,NaN,14.752,NaN
1455123600000,NaN,14.650,NaN
1455127200000,NaN,14.597,NaN
1455130800000,NaN,14.668,NaN
1455134400000,NaN,14.672,NaN
1455138000000,NaN,14.659,NaN
1455141600000,NaN,14.758,NaN
1455145200000,NaN,14.837,NaN
1455148800000,NaN,14.845,NaN
1455152400000,NaN,14.782,NaN
1455156000000,NaN,14.776,NaN
1455159600000,NaN,14.838,NaN
1455163200000,NaN,14.773,NaN
1455166800000,NaN,14.744,NaN
1455170400000,NaN,14.712,NaN
1455174000000,NaN,14.773,NaN
1455177600000,NaN,14.792,NaN
1455181200000,NaN,14.741,NaN
1455184800000,NaN,14.742,NaN
1455188400000,NaN,14.771,NaN
1455192000000,NaN,14.748,NaN
1455195600000,NaN,14.768,NaN
1455199200000,NaN,14.868,NaN
1455202800000,NaN,14.958,NaN
1455206400000,NaN,14.836,NaN